"Time","t2shut::sans2d:status"
"11/08/2022, 06:42:19 PM",3
"11/08/2022, 06:43:02 PM",2
"11/08/2022, 07:00:49 PM",3
"11/08/2022, 07:01:26 PM",1
"11/08/2022, 07:01:36 PM",3
"11/08/2022, 07:02:15 PM",2
"11/08/2022, 07:02:50 PM",3
"11/08/2022, 07:03:27 PM",1
"11/09/2022, 09:00:44 AM",3
"11/09/2022, 09:01:26 AM",2
"11/09/2022, 09:43:06 AM",3
"11/09/2022, 09:43:43 AM",1
"11/09/2022, 11:37:31 AM",4
"11/09/2022, 11:37:33 AM",3
"11/09/2022, 11:38:13 AM",2
"11/09/2022, 11:52:04 AM",3
"11/09/2022, 11:52:40 AM",1
"11/09/2022, 10:22:00 PM",3
"11/09/2022, 10:22:37 PM",2
"11/09/2022, 10:32:28 PM",3
"11/09/2022, 10:33:04 PM",1
"11/10/2022, 09:21:11 AM",3
"11/10/2022, 09:21:52 AM",2
"11/10/2022, 09:39:08 AM",3
"11/10/2022, 09:39:42 AM",1
"11/10/2022, 03:46:39 PM",3
"11/10/2022, 03:47:14 PM",2
"11/10/2022, 04:40:32 PM",3
"11/10/2022, 04:41:10 PM",1
"11/10/2022, 04:43:29 PM",3
"11/10/2022, 04:44:09 PM",2
"11/10/2022, 04:46:22 PM",3
"11/10/2022, 04:46:57 PM",1
"11/11/2022, 11:00:11 AM",4
"11/11/2022, 11:00:13 AM",3
"11/11/2022, 11:00:56 AM",2
"11/11/2022, 11:08:26 AM",3
"11/11/2022, 11:09:03 AM",1
"11/11/2022, 10:09:45 PM",3
"11/11/2022, 10:10:29 PM",2
"11/11/2022, 10:16:22 PM",3
"11/11/2022, 10:16:58 PM",1
"11/12/2022, 08:32:43 AM",3
"11/12/2022, 08:33:26 AM",2
"11/12/2022, 09:28:50 AM",3
"11/12/2022, 09:29:26 AM",1
"11/12/2022, 11:34:18 AM",3
"11/12/2022, 11:35:03 AM",2
"11/12/2022, 01:07:01 PM",3
"11/12/2022, 01:07:38 PM",1
"11/12/2022, 02:54:29 PM",3
"11/12/2022, 02:55:09 PM",2
"11/12/2022, 03:32:12 PM",3
"11/12/2022, 03:32:49 PM",1
"11/13/2022, 07:38:08 PM",3
"11/13/2022, 07:38:51 PM",2
"11/13/2022, 07:46:53 PM",3
"11/13/2022, 07:47:29 PM",1
"11/14/2022, 09:33:29 AM",3
"11/14/2022, 09:34:10 AM",2
"11/14/2022, 10:07:30 AM",3
"11/14/2022, 10:08:07 AM",1
"11/14/2022, 11:31:41 AM",3
"11/14/2022, 11:32:25 AM",2
"11/14/2022, 11:43:15 AM",3
"11/14/2022, 11:43:48 AM",1
"11/14/2022, 11:16:51 PM",3
"11/14/2022, 11:17:35 PM",2
"11/14/2022, 11:28:06 PM",3
"11/14/2022, 11:28:44 PM",1
"11/15/2022, 12:26:44 AM",3
"11/15/2022, 12:27:24 AM",2
"11/15/2022, 12:35:15 AM",3
"11/15/2022, 12:35:50 AM",1
"11/15/2022, 10:44:50 AM",3
"11/15/2022, 10:45:32 AM",2
"11/15/2022, 11:09:11 AM",3
"11/15/2022, 11:09:48 AM",1
"11/15/2022, 12:00:45 PM",3
"11/15/2022, 12:01:26 PM",2
"11/15/2022, 12:04:52 PM",3
"11/15/2022, 12:05:28 PM",1
"11/15/2022, 02:31:03 PM",3
"11/15/2022, 02:31:46 PM",2
"11/15/2022, 02:41:06 PM",3
"11/15/2022, 02:41:40 PM",1
"11/15/2022, 05:51:40 PM",3
"11/15/2022, 05:52:22 PM",2
"11/15/2022, 05:57:43 PM",3
"11/15/2022, 05:58:18 PM",1
"11/15/2022, 06:59:49 PM",3
"11/15/2022, 07:00:33 PM",2
"11/15/2022, 07:04:21 PM",3
"11/15/2022, 07:04:57 PM",1
"11/15/2022, 08:55:57 PM",3
"11/15/2022, 08:56:39 PM",2
"11/15/2022, 09:00:32 PM",3
"11/15/2022, 09:01:08 PM",1
"11/15/2022, 11:07:38 PM",3
"11/15/2022, 11:08:21 PM",2
"11/15/2022, 11:14:53 PM",3
"11/15/2022, 11:15:31 PM",1
"11/16/2022, 09:40:42 AM",3
"11/16/2022, 09:41:24 AM",2
"11/16/2022, 10:28:58 AM",3
"11/16/2022, 10:29:33 AM",1
"11/16/2022, 12:41:27 PM",3
"11/16/2022, 12:42:02 PM",2
"11/16/2022, 12:46:09 PM",3
"11/16/2022, 12:46:44 PM",1
"11/16/2022, 12:57:04 PM",3
"11/16/2022, 12:57:47 PM",2
"11/16/2022, 01:46:51 PM",3
"11/16/2022, 01:47:25 PM",1
"11/16/2022, 03:23:59 PM",3
"11/16/2022, 03:24:42 PM",2
"11/16/2022, 03:34:23 PM",3
"11/16/2022, 03:34:59 PM",1
"11/17/2022, 09:05:39 AM",3
"11/17/2022, 09:06:18 AM",2
"11/17/2022, 09:33:46 AM",3
"11/17/2022, 09:34:21 AM",1
"11/17/2022, 09:49:32 AM",3
"11/17/2022, 09:50:20 AM",2
"11/17/2022, 09:53:47 AM",3
"11/17/2022, 09:54:23 AM",1
"11/17/2022, 10:52:43 AM",3
"11/17/2022, 10:53:26 AM",2
"11/17/2022, 10:59:51 AM",3
"11/17/2022, 11:00:26 AM",1
"11/17/2022, 06:24:53 PM",3
"11/17/2022, 06:25:35 PM",2
"11/17/2022, 07:24:45 PM",3
"11/17/2022, 07:25:20 PM",1
"11/18/2022, 02:21:43 PM",3
"11/18/2022, 02:22:25 PM",2
"11/18/2022, 02:47:39 PM",3
"11/18/2022, 02:48:15 PM",1
"11/18/2022, 04:51:12 PM",3
"11/18/2022, 04:51:56 PM",2
"11/18/2022, 04:54:33 PM",4
"11/18/2022, 04:54:35 PM",3
"11/18/2022, 04:55:12 PM",1
"11/19/2022, 12:58:21 PM",4
"11/19/2022, 12:58:23 PM",3
"11/19/2022, 12:58:59 PM",2
"11/19/2022, 01:26:42 PM",3
"11/19/2022, 01:27:18 PM",1
"11/20/2022, 09:56:14 AM",3
"11/20/2022, 09:56:50 AM",2
"11/20/2022, 10:32:34 AM",3
"11/20/2022, 10:33:10 AM",1
"11/20/2022, 12:10:48 PM",4
"11/20/2022, 12:10:50 PM",3
"11/20/2022, 12:11:25 PM",2
"11/20/2022, 12:20:34 PM",3
"11/20/2022, 12:21:05 PM",1
"11/21/2022, 08:46:23 AM",3
"11/21/2022, 08:47:07 AM",2
"11/21/2022, 09:17:28 AM",3
"11/21/2022, 09:18:01 AM",1
"11/21/2022, 10:21:50 AM",3
"11/21/2022, 10:22:35 AM",2
"11/21/2022, 10:31:58 AM",3
"11/21/2022, 10:32:34 AM",1
"11/21/2022, 07:31:49 PM",3
"11/21/2022, 07:32:30 PM",2
"11/21/2022, 07:40:10 PM",3
"11/21/2022, 07:40:47 PM",1
"11/22/2022, 09:21:57 AM",3
"11/22/2022, 09:22:40 AM",2
"11/22/2022, 09:26:05 AM",3
"11/22/2022, 09:26:41 AM",1
"11/22/2022, 05:25:20 PM",3
"11/22/2022, 05:26:01 PM",2
"11/22/2022, 05:33:38 PM",3
"11/22/2022, 05:34:09 PM",1
"11/23/2022, 08:19:34 AM",3
"11/23/2022, 08:20:15 AM",2
"11/23/2022, 06:03:20 PM",3
"11/23/2022, 06:03:56 PM",1
"11/23/2022, 06:05:24 PM",3
"11/23/2022, 06:06:03 PM",2
"11/23/2022, 06:07:47 PM",3
"11/23/2022, 06:08:24 PM",1
"11/24/2022, 09:01:34 AM",3
"11/24/2022, 09:02:15 AM",2
"11/24/2022, 01:52:19 PM",3
"11/24/2022, 01:52:55 PM",1
"11/24/2022, 01:55:04 PM",3
"11/24/2022, 01:55:46 PM",2
"11/24/2022, 01:59:17 PM",3
"11/24/2022, 01:59:50 PM",1
"11/24/2022, 02:03:20 PM",3
"11/24/2022, 02:04:01 PM",2
"11/24/2022, 02:18:43 PM",3
"11/24/2022, 02:19:21 PM",1
"11/24/2022, 02:44:09 PM",3
"11/24/2022, 02:44:50 PM",2
"11/24/2022, 02:48:34 PM",3
"11/24/2022, 02:49:09 PM",1
"11/24/2022, 04:02:34 PM",3
"11/24/2022, 04:03:09 PM",2
"11/24/2022, 05:09:33 PM",3
"11/24/2022, 05:10:10 PM",1
"11/24/2022, 06:10:27 PM",3
"11/24/2022, 06:11:10 PM",2
"11/24/2022, 06:13:10 PM",3
"11/24/2022, 06:13:46 PM",1
"11/25/2022, 09:05:08 AM",3
"11/25/2022, 09:05:51 AM",2
"11/25/2022, 12:09:54 PM",3
"11/25/2022, 12:10:29 PM",1
"11/25/2022, 01:23:02 PM",3
"11/25/2022, 01:23:50 PM",2
"11/25/2022, 03:16:07 PM",3
"11/25/2022, 03:16:40 PM",1
"11/25/2022, 04:29:09 PM",3
"11/25/2022, 04:29:53 PM",2
"11/25/2022, 05:20:51 PM",3
"11/25/2022, 05:21:27 PM",1
"11/25/2022, 05:30:55 PM",3
"11/25/2022, 05:31:27 PM",2
"11/25/2022, 06:01:43 PM",3
"11/25/2022, 06:02:20 PM",1
"11/25/2022, 06:10:58 PM",3
"11/25/2022, 06:11:39 PM",2
"11/25/2022, 06:12:48 PM",3
"11/25/2022, 06:13:24 PM",1
"11/25/2022, 07:32:12 PM",3
"11/25/2022, 07:32:55 PM",2
"11/25/2022, 10:49:16 PM",3
"11/25/2022, 10:49:52 PM",1
"11/26/2022, 12:07:41 AM",3
"11/26/2022, 12:08:25 AM",2
"11/26/2022, 02:42:53 AM",3
"11/26/2022, 02:43:28 AM",1
"11/26/2022, 08:28:41 AM",3
"11/26/2022, 08:29:25 AM",2
"11/26/2022, 12:06:38 PM",3
"11/26/2022, 12:07:11 PM",1
"11/26/2022, 12:20:42 PM",3
"11/26/2022, 12:21:15 PM",2
"11/26/2022, 02:02:58 PM",3
"11/26/2022, 02:03:32 PM",1
"11/26/2022, 02:31:17 PM",3
"11/26/2022, 02:31:55 PM",2
"11/26/2022, 02:47:45 PM",3
"11/26/2022, 02:48:16 PM",1
"11/26/2022, 03:19:33 PM",3
"11/26/2022, 03:20:14 PM",2
"11/26/2022, 03:34:20 PM",3
"11/26/2022, 03:34:56 PM",1
"11/26/2022, 04:55:42 PM",3
"11/26/2022, 04:56:25 PM",2
"11/27/2022, 10:04:28 AM",3
"11/27/2022, 10:05:04 AM",1
"11/28/2022, 09:27:11 AM",3
"11/28/2022, 09:27:54 AM",2
"11/28/2022, 09:36:58 AM",3
"11/28/2022, 09:37:32 AM",1
"11/28/2022, 02:09:04 PM",3
"11/28/2022, 02:09:38 PM",2
"11/28/2022, 02:11:26 PM",3
"11/28/2022, 02:12:03 PM",1
"11/28/2022, 05:28:11 PM",3
"11/28/2022, 05:28:52 PM",2
"11/28/2022, 05:31:01 PM",3
"11/28/2022, 05:31:35 PM",1
"11/28/2022, 10:06:52 PM",3
"11/28/2022, 10:07:33 PM",2
"11/28/2022, 10:21:07 PM",3
"11/28/2022, 10:21:42 PM",1
"11/29/2022, 08:24:13 AM",3
"11/29/2022, 08:24:55 AM",2
"11/29/2022, 08:40:05 AM",3
"11/29/2022, 08:40:40 AM",1
"11/29/2022, 09:29:38 AM",3
"11/29/2022, 09:30:19 AM",2
"11/29/2022, 09:37:53 AM",3
"11/29/2022, 09:38:26 AM",1
"11/29/2022, 10:28:47 AM",3
"11/29/2022, 10:29:29 AM",2
"11/29/2022, 10:35:49 AM",3
"11/29/2022, 10:36:21 AM",1
"11/29/2022, 11:05:17 AM",3
"11/29/2022, 11:05:58 AM",2
"11/29/2022, 11:07:45 AM",3
"11/29/2022, 11:08:23 AM",1
"11/29/2022, 01:36:33 PM",3
"11/29/2022, 01:37:15 PM",2
"11/29/2022, 01:42:36 PM",3
"11/29/2022, 01:43:12 PM",1
"11/29/2022, 04:01:26 PM",3
"11/29/2022, 04:02:10 PM",2
"11/29/2022, 04:05:54 PM",3
"11/29/2022, 04:06:28 PM",1
"11/29/2022, 06:55:21 PM",3
"11/29/2022, 06:56:03 PM",2
"11/29/2022, 06:59:03 PM",3
"11/29/2022, 06:59:36 PM",1
"11/29/2022, 10:23:54 PM",3
"11/29/2022, 10:24:36 PM",2
"11/29/2022, 11:02:50 PM",3
"11/29/2022, 11:03:26 PM",1
"11/30/2022, 09:34:18 AM",3
"11/30/2022, 09:35:01 AM",2
"11/30/2022, 10:32:35 AM",3
"11/30/2022, 10:33:12 AM",1
"11/30/2022, 10:56:21 AM",3
"11/30/2022, 10:57:03 AM",2
"11/30/2022, 11:00:13 AM",3
"11/30/2022, 11:00:49 AM",1
"11/30/2022, 02:47:35 PM",3
"11/30/2022, 02:48:10 PM",2
"11/30/2022, 05:47:43 PM",3
"11/30/2022, 05:48:20 PM",1
"11/30/2022, 06:17:48 PM",3
"11/30/2022, 06:18:30 PM",2
"11/30/2022, 06:19:50 PM",3
"11/30/2022, 06:20:27 PM",1
"11/30/2022, 07:27:11 PM",3
"11/30/2022, 07:27:55 PM",2
"11/30/2022, 07:30:03 PM",3
"11/30/2022, 07:30:39 PM",1
"12/01/2022, 08:06:13 AM",3
"12/01/2022, 08:06:57 AM",2
"12/01/2022, 08:40:41 AM",3
"12/01/2022, 08:41:16 AM",1
"12/01/2022, 09:39:08 AM",3
"12/01/2022, 09:39:50 AM",2
"12/01/2022, 12:12:53 PM",3
"12/01/2022, 12:13:30 PM",1
"12/01/2022, 03:58:29 PM",3
"12/01/2022, 03:59:07 PM",2
"12/01/2022, 04:38:08 PM",3
"12/01/2022, 04:38:43 PM",1
"12/01/2022, 05:29:54 PM",3
"12/01/2022, 05:30:36 PM",2
"12/01/2022, 05:49:40 PM",3
"12/01/2022, 05:50:18 PM",1
"12/01/2022, 08:46:00 PM",3
"12/01/2022, 08:46:43 PM",2
"12/01/2022, 09:27:16 PM",3
"12/01/2022, 09:27:47 PM",1
"12/01/2022, 09:48:04 PM",3
"12/01/2022, 09:48:45 PM",2
"12/01/2022, 09:52:18 PM",3
"12/01/2022, 09:52:55 PM",1
"12/01/2022, 10:23:19 PM",3
"12/01/2022, 10:24:01 PM",2
"12/01/2022, 10:44:07 PM",3
"12/01/2022, 10:44:41 PM",1
"12/02/2022, 09:15:57 AM",4
"12/02/2022, 09:16:00 AM",3
"12/02/2022, 09:16:42 AM",2
"12/02/2022, 10:19:07 AM",3
"12/02/2022, 10:19:41 AM",1
"12/02/2022, 11:17:13 AM",3
"12/02/2022, 11:17:58 AM",2
"12/02/2022, 11:53:57 AM",3
"12/02/2022, 11:54:35 AM",1
"12/02/2022, 12:31:54 PM",3
"12/02/2022, 12:32:40 PM",2
"12/02/2022, 12:41:47 PM",3
"12/02/2022, 12:42:24 PM",1
"12/02/2022, 03:27:36 PM",3
"12/02/2022, 03:28:15 PM",2
"12/02/2022, 04:00:10 PM",3
"12/02/2022, 04:00:43 PM",1
"12/02/2022, 04:37:40 PM",3
"12/02/2022, 04:38:21 PM",2
"12/02/2022, 04:49:02 PM",3
"12/02/2022, 04:49:38 PM",1
"12/02/2022, 05:54:18 PM",3
"12/02/2022, 05:54:51 PM",2
"12/02/2022, 06:47:04 PM",3
"12/02/2022, 06:47:42 PM",1
"12/02/2022, 07:45:39 PM",3
"12/02/2022, 07:46:17 PM",2
"12/02/2022, 07:59:23 PM",3
"12/02/2022, 07:59:57 PM",1
"12/03/2022, 08:27:31 AM",3
"12/03/2022, 08:28:17 AM",2
"12/03/2022, 08:39:40 AM",3
"12/03/2022, 08:40:19 AM",1
"12/03/2022, 09:12:27 AM",3
"12/03/2022, 09:13:08 AM",2
"12/03/2022, 09:23:42 AM",3
"12/03/2022, 09:24:17 AM",1
"12/03/2022, 11:25:27 AM",3
"12/03/2022, 11:26:09 AM",2
"12/03/2022, 11:32:12 AM",3
"12/03/2022, 11:32:48 AM",1
"12/03/2022, 12:13:49 PM",3
"12/03/2022, 12:14:32 PM",2
"12/03/2022, 12:32:06 PM",3
"12/03/2022, 12:32:43 PM",1
"12/03/2022, 01:30:06 PM",3
"12/03/2022, 01:30:50 PM",2
"12/03/2022, 01:38:25 PM",3
"12/03/2022, 01:39:00 PM",1
"12/03/2022, 02:56:44 PM",3
"12/03/2022, 02:57:20 PM",2
"12/03/2022, 03:14:47 PM",3
"12/03/2022, 03:15:23 PM",1
"12/03/2022, 03:42:22 PM",3
"12/03/2022, 03:42:57 PM",2
"12/03/2022, 03:51:27 PM",3
"12/03/2022, 03:52:05 PM",1
"12/03/2022, 03:52:29 PM",4
"12/03/2022, 03:52:32 PM",3
"12/03/2022, 03:53:11 PM",2
"12/03/2022, 03:57:22 PM",3
"12/03/2022, 03:57:53 PM",1
"12/03/2022, 04:41:29 PM",3
"12/03/2022, 04:42:08 PM",2
"12/03/2022, 04:47:46 PM",3
"12/03/2022, 04:48:20 PM",1
"12/03/2022, 05:14:54 PM",3
"12/03/2022, 05:15:36 PM",2
"12/03/2022, 06:04:32 PM",3
"12/03/2022, 06:05:07 PM",1
"12/03/2022, 08:26:59 PM",3
"12/03/2022, 08:27:43 PM",2
"12/03/2022, 08:46:59 PM",3
"12/03/2022, 08:47:35 PM",1
"12/04/2022, 08:12:03 AM",3
"12/04/2022, 08:12:38 AM",2
"12/04/2022, 09:22:33 AM",3
"12/04/2022, 09:23:05 AM",1
"12/04/2022, 09:46:34 AM",3
"12/04/2022, 09:47:08 AM",2
"12/04/2022, 10:45:22 AM",3
"12/04/2022, 10:45:57 AM",1
"12/04/2022, 11:10:45 AM",3
"12/04/2022, 11:11:26 AM",2
"12/04/2022, 12:28:02 PM",3
"12/04/2022, 12:28:41 PM",1
"12/04/2022, 01:35:25 PM",3
"12/04/2022, 01:36:07 PM",2
"12/04/2022, 01:49:33 PM",3
"12/04/2022, 01:50:05 PM",1
"12/04/2022, 07:37:24 PM",3
"12/04/2022, 07:38:07 PM",2
"12/04/2022, 07:50:40 PM",3
"12/04/2022, 07:51:13 PM",1
"12/04/2022, 11:04:52 PM",3
"12/04/2022, 11:05:35 PM",2
"12/04/2022, 11:23:13 PM",3
"12/04/2022, 11:23:48 PM",1
"12/05/2022, 09:07:21 AM",3
"12/05/2022, 09:08:02 AM",2
"12/05/2022, 11:03:09 AM",3
"12/05/2022, 11:03:45 AM",1
"12/05/2022, 12:10:36 PM",3
"12/05/2022, 12:11:20 PM",2
"12/05/2022, 02:19:53 PM",3
"12/05/2022, 02:20:22 PM",1
"12/05/2022, 05:46:17 PM",3
"12/05/2022, 05:47:00 PM",2
"12/05/2022, 05:52:48 PM",3
"12/05/2022, 05:53:24 PM",1
"12/06/2022, 03:30:52 PM",3
"12/06/2022, 03:31:35 PM",2
"12/06/2022, 03:59:26 PM",3
"12/06/2022, 03:59:58 PM",1
"12/06/2022, 05:24:49 PM",3
"12/06/2022, 05:25:32 PM",2
"12/06/2022, 05:28:28 PM",3
"12/06/2022, 05:28:58 PM",1
"12/06/2022, 10:02:30 PM",3
"12/06/2022, 10:03:14 PM",2
"12/06/2022, 10:12:26 PM",3
"12/06/2022, 10:13:02 PM",1
"12/07/2022, 09:57:29 AM",3
"12/07/2022, 09:58:05 AM",2
"12/07/2022, 10:05:29 AM",3
"12/07/2022, 10:05:59 AM",1
"12/07/2022, 10:09:24 AM",3
"12/07/2022, 10:10:05 AM",2
"12/07/2022, 10:15:42 AM",3
"12/07/2022, 10:16:21 AM",1
"12/07/2022, 12:33:00 PM",3
"12/07/2022, 12:33:43 PM",2
"12/07/2022, 12:58:22 PM",3
"12/07/2022, 12:58:57 PM",1
"12/07/2022, 03:37:08 PM",3
"12/07/2022, 03:37:47 PM",2
"12/07/2022, 03:41:17 PM",3
"12/07/2022, 03:41:52 PM",1
"12/07/2022, 04:50:14 PM",3
"12/07/2022, 04:50:56 PM",2
"12/07/2022, 04:56:15 PM",3
"12/07/2022, 04:56:49 PM",1
"12/07/2022, 06:10:41 PM",3
"12/07/2022, 06:11:24 PM",2
"12/07/2022, 06:14:45 PM",3
"12/07/2022, 06:15:17 PM",1
"12/07/2022, 07:37:11 PM",4
"12/07/2022, 07:37:14 PM",3
"12/07/2022, 07:37:55 PM",2
"12/07/2022, 08:04:02 PM",3
"12/07/2022, 08:04:37 PM",1
"12/08/2022, 12:26:31 AM",3
"12/08/2022, 12:27:08 AM",2
"12/08/2022, 12:41:30 AM",3
"12/08/2022, 12:42:07 AM",1
"12/08/2022, 11:25:26 AM",3
"12/08/2022, 11:26:10 AM",2
"12/08/2022, 11:33:04 AM",3
"12/08/2022, 11:33:41 AM",1
"12/08/2022, 12:40:37 PM",3
"12/08/2022, 12:41:20 PM",2
"12/08/2022, 12:45:19 PM",3
"12/08/2022, 12:45:55 PM",1
"12/08/2022, 01:57:20 PM",3
"12/08/2022, 01:57:55 PM",2
"12/08/2022, 01:59:24 PM",3
"12/08/2022, 02:00:02 PM",1
"12/08/2022, 03:06:20 PM",3
"12/08/2022, 03:07:02 PM",2
"12/08/2022, 03:12:15 PM",3
"12/08/2022, 03:12:48 PM",1
"12/08/2022, 04:26:12 PM",3
"12/08/2022, 04:26:49 PM",2
"12/08/2022, 04:27:45 PM",3
"12/08/2022, 04:28:22 PM",1
"12/08/2022, 05:36:59 PM",3
"12/08/2022, 05:37:35 PM",2
"12/08/2022, 05:44:58 PM",3
"12/08/2022, 05:45:31 PM",1
"12/08/2022, 06:52:37 PM",3
"12/08/2022, 06:53:12 PM",2
"12/08/2022, 07:04:47 PM",3
"12/08/2022, 07:05:22 PM",1
"12/08/2022, 10:28:15 PM",3
"12/08/2022, 10:29:00 PM",2
"12/08/2022, 10:31:40 PM",3
"12/08/2022, 10:32:15 PM",1
"12/09/2022, 12:12:35 AM",4
"12/09/2022, 12:12:37 AM",3
"12/09/2022, 12:13:12 AM",2
"12/09/2022, 12:23:43 AM",3
"12/09/2022, 12:24:17 AM",1
"12/09/2022, 10:26:09 AM",3
"12/09/2022, 10:26:51 AM",2
"12/09/2022, 10:30:04 AM",3
"12/09/2022, 10:30:44 AM",1
"12/09/2022, 11:45:05 AM",3
"12/09/2022, 11:45:50 AM",2
"12/09/2022, 11:46:50 AM",3
"12/09/2022, 11:47:29 AM",1
"12/09/2022, 01:01:10 PM",3
"12/09/2022, 01:01:48 PM",2
"12/09/2022, 01:04:02 PM",3
"12/09/2022, 01:04:42 PM",1
"12/09/2022, 02:10:54 PM",3
"12/09/2022, 02:11:31 PM",2
"12/09/2022, 02:20:48 PM",3
"12/09/2022, 02:21:18 PM",1
"12/09/2022, 03:32:17 PM",3
"12/09/2022, 03:32:57 PM",2
"12/09/2022, 03:34:37 PM",3
"12/09/2022, 03:35:15 PM",1
"12/09/2022, 04:50:30 PM",3
"12/09/2022, 04:51:11 PM",2
"12/09/2022, 04:52:03 PM",3
"12/09/2022, 04:52:41 PM",1
"12/09/2022, 06:07:41 PM",3
"12/09/2022, 06:08:26 PM",2
"12/09/2022, 06:12:14 PM",3
"12/09/2022, 06:12:51 PM",1
"12/09/2022, 07:18:38 PM",3
"12/09/2022, 07:19:14 PM",2
"12/09/2022, 07:27:18 PM",3
"12/09/2022, 07:27:55 PM",1
"12/09/2022, 09:39:58 PM",3
"12/09/2022, 09:40:41 PM",2
"12/09/2022, 09:42:34 PM",3
"12/09/2022, 09:43:06 PM",1
"12/09/2022, 11:06:27 PM",3
"12/09/2022, 11:07:11 PM",2
"12/09/2022, 11:11:20 PM",3
"12/09/2022, 11:11:56 PM",1
"12/10/2022, 12:18:27 AM",3
"12/10/2022, 12:19:12 AM",2
"12/10/2022, 12:27:44 AM",3
"12/10/2022, 12:28:13 AM",1
"12/10/2022, 08:55:48 AM",3
"12/10/2022, 08:56:33 AM",2
"12/10/2022, 09:25:30 AM",3
"12/10/2022, 09:26:04 AM",1
"12/10/2022, 02:21:12 PM",3
"12/10/2022, 02:21:55 PM",2
"12/10/2022, 02:25:09 PM",3
"12/10/2022, 02:25:45 PM",1
"12/10/2022, 04:28:18 PM",3
"12/10/2022, 04:28:53 PM",2
"12/10/2022, 04:29:52 PM",3
"12/10/2022, 04:30:28 PM",1
"12/10/2022, 05:27:30 PM",3
"12/10/2022, 05:28:14 PM",2
"12/10/2022, 05:29:55 PM",3
"12/10/2022, 05:30:31 PM",1
"12/10/2022, 07:00:46 PM",3
"12/10/2022, 07:01:27 PM",2
"12/10/2022, 07:02:40 PM",3
"12/10/2022, 07:03:19 PM",1
"12/10/2022, 07:49:47 PM",3
"12/10/2022, 07:50:31 PM",2
"12/10/2022, 07:51:50 PM",3
"12/10/2022, 07:52:28 PM",1
"12/10/2022, 09:54:36 PM",3
"12/10/2022, 09:55:19 PM",2
"12/10/2022, 09:58:59 PM",3
"12/10/2022, 09:59:34 PM",1
"12/11/2022, 09:47:35 AM",3
"12/11/2022, 09:48:20 AM",2
"12/11/2022, 09:51:55 AM",3
"12/11/2022, 09:52:31 AM",1
"12/11/2022, 10:59:40 AM",3
"12/11/2022, 11:00:26 AM",2
"12/11/2022, 11:03:22 AM",3
"12/11/2022, 11:04:00 AM",1
"12/11/2022, 12:03:15 PM",3
"12/11/2022, 12:03:49 PM",2
"12/11/2022, 12:07:01 PM",3
"12/11/2022, 12:07:41 PM",1
"12/11/2022, 02:23:05 PM",3
"12/11/2022, 02:23:40 PM",2
"12/11/2022, 02:41:53 PM",3
"12/11/2022, 02:42:31 PM",1
"12/11/2022, 06:28:37 PM",3
"12/11/2022, 06:29:20 PM",2
"12/11/2022, 06:31:48 PM",3
"12/11/2022, 06:32:20 PM",1
"12/11/2022, 09:16:12 PM",3
"12/11/2022, 09:16:53 PM",2
"12/11/2022, 09:17:51 PM",3
"12/11/2022, 09:18:30 PM",1
"12/11/2022, 09:57:05 PM",3
"12/11/2022, 09:57:41 PM",2
"12/11/2022, 09:59:26 PM",3
"12/11/2022, 10:00:03 PM",1
"12/12/2022, 08:43:41 AM",4
"12/12/2022, 08:43:43 AM",3
"12/12/2022, 08:44:26 AM",2
"12/12/2022, 02:33:26 PM",3
"12/12/2022, 02:34:03 PM",1
"12/13/2022, 08:14:51 AM",3
"12/13/2022, 08:15:26 AM",2
"12/13/2022, 08:19:06 AM",3
"12/13/2022, 08:19:43 AM",1
"12/13/2022, 09:44:27 AM",3
"12/13/2022, 09:45:09 AM",2
"12/13/2022, 09:51:15 AM",3
"12/13/2022, 09:51:47 AM",1
"12/13/2022, 09:57:49 AM",3
"12/13/2022, 09:58:29 AM",2
"12/13/2022, 10:05:09 AM",3
"12/13/2022, 10:05:44 AM",1
"12/13/2022, 04:16:45 PM",3
"12/13/2022, 04:17:27 PM",2
"12/13/2022, 04:25:05 PM",3
"12/13/2022, 04:25:43 PM",1
"12/13/2022, 05:42:43 PM",3
"12/13/2022, 05:43:24 PM",2
"12/13/2022, 05:53:12 PM",3
"12/13/2022, 05:53:49 PM",1
"12/13/2022, 07:46:04 PM",3
"12/13/2022, 07:46:48 PM",2
"12/13/2022, 07:57:38 PM",3
"12/13/2022, 07:58:10 PM",1
"12/14/2022, 10:35:51 AM",3
"12/14/2022, 10:36:33 AM",2
"12/14/2022, 10:38:45 AM",3
"12/14/2022, 10:39:17 AM",1
"12/14/2022, 07:09:39 PM",3
"12/14/2022, 07:10:15 PM",2
"12/14/2022, 07:15:10 PM",3
"12/14/2022, 07:15:48 PM",1
"12/15/2022, 08:21:49 AM",1
"12/15/2022, 05:32:19 PM",3
"12/15/2022, 05:33:04 PM",2
"12/15/2022, 05:36:40 PM",3
"12/15/2022, 05:37:12 PM",1
"12/15/2022, 08:56:17 PM",3
"12/15/2022, 08:56:53 PM",2
"12/15/2022, 09:00:28 PM",3
"12/15/2022, 09:00:59 PM",1
"12/15/2022, 09:45:31 PM",3
"12/15/2022, 09:46:12 PM",2
"12/15/2022, 09:47:29 PM",3
"12/15/2022, 09:48:03 PM",1
"12/16/2022, 12:01:26 AM",3
"12/16/2022, 12:02:07 AM",2
"12/16/2022, 12:13:06 AM",3
"12/16/2022, 12:13:40 AM",1
"12/16/2022, 09:42:10 AM",3
"12/16/2022, 09:42:53 AM",2

