"Time","t2shut::chipir:status"
"11/08/2022, 03:20:51 PM",3
"11/08/2022, 03:21:56 PM",1
"11/08/2022, 03:25:40 PM",3
"11/08/2022, 03:26:34 PM",2
"11/08/2022, 03:48:43 PM",3
"11/08/2022, 03:49:45 PM",1
"11/08/2022, 03:50:39 PM",3
"11/08/2022, 03:51:34 PM",2
"11/08/2022, 03:54:51 PM",3
"11/08/2022, 03:55:55 PM",1
"11/08/2022, 04:01:43 PM",3
"11/08/2022, 04:02:35 PM",2
"11/08/2022, 04:04:33 PM",3
"11/08/2022, 04:05:35 PM",1
"11/08/2022, 04:59:25 PM",3
"11/08/2022, 05:00:21 PM",2
"11/09/2022, 09:23:01 AM",3
"11/09/2022, 09:24:05 AM",1
"11/09/2022, 09:24:15 AM",3
"11/09/2022, 09:25:10 AM",2
"11/09/2022, 09:31:49 AM",3
"11/09/2022, 09:32:52 AM",1
"11/09/2022, 09:51:09 AM",3
"11/09/2022, 09:52:06 AM",2
"11/09/2022, 09:57:36 AM",3
"11/09/2022, 09:58:41 AM",1
"11/09/2022, 10:10:08 AM",3
"11/09/2022, 10:11:04 AM",2
"11/09/2022, 12:10:07 PM",3
"11/09/2022, 12:11:09 PM",1
"11/09/2022, 12:11:51 PM",3
"11/09/2022, 12:12:49 PM",2
"11/09/2022, 12:20:12 PM",3
"11/09/2022, 12:21:16 PM",1
"11/09/2022, 12:22:08 PM",3
"11/09/2022, 12:22:59 PM",2
"11/09/2022, 12:26:38 PM",3
"11/09/2022, 12:27:42 PM",1
"11/09/2022, 01:05:48 PM",3
"11/09/2022, 01:06:44 PM",2
"11/09/2022, 01:22:58 PM",3
"11/09/2022, 01:24:02 PM",1
"11/09/2022, 01:42:44 PM",3
"11/09/2022, 01:43:42 PM",2
"11/09/2022, 02:00:42 PM",3
"11/09/2022, 02:01:44 PM",1
"11/09/2022, 02:21:25 PM",3
"11/09/2022, 02:22:21 PM",2
"11/09/2022, 02:42:06 PM",3
"11/09/2022, 02:43:09 PM",1
"11/09/2022, 03:07:45 PM",3
"11/09/2022, 03:08:41 PM",2
"11/09/2022, 03:30:53 PM",3
"11/09/2022, 03:31:54 PM",1
"11/09/2022, 04:14:32 PM",4
"11/09/2022, 04:14:34 PM",3
"11/09/2022, 04:15:30 PM",2
"11/09/2022, 04:37:31 PM",3
"11/09/2022, 04:38:35 PM",1
"11/09/2022, 05:24:04 PM",3
"11/09/2022, 05:25:01 PM",2
"11/09/2022, 05:44:15 PM",3
"11/09/2022, 05:45:18 PM",1
"11/09/2022, 06:07:43 PM",3
"11/09/2022, 06:08:39 PM",2
"11/09/2022, 06:24:05 PM",3
"11/09/2022, 06:25:07 PM",1
"11/09/2022, 07:02:19 PM",3
"11/09/2022, 07:03:18 PM",2
"11/09/2022, 07:17:18 PM",3
"11/09/2022, 07:18:20 PM",1
"11/09/2022, 07:56:42 PM",3
"11/09/2022, 07:57:38 PM",2
"11/09/2022, 08:19:09 PM",3
"11/09/2022, 08:20:11 PM",1
"11/09/2022, 08:45:02 PM",3
"11/09/2022, 08:45:59 PM",2
"11/09/2022, 09:00:59 PM",3
"11/09/2022, 09:02:01 PM",1
"11/09/2022, 09:28:54 PM",3
"11/09/2022, 09:29:50 PM",2
"11/09/2022, 09:47:04 PM",3
"11/09/2022, 09:48:06 PM",1
"11/09/2022, 10:31:37 PM",3
"11/09/2022, 10:32:41 PM",2
"11/09/2022, 10:46:19 PM",3
"11/09/2022, 10:47:23 PM",1
"11/09/2022, 11:48:37 PM",3
"11/09/2022, 11:49:35 PM",2
"11/10/2022, 12:02:20 AM",3
"11/10/2022, 12:03:24 AM",1
"11/10/2022, 12:40:25 AM",3
"11/10/2022, 12:41:21 AM",2
"11/10/2022, 12:54:34 AM",3
"11/10/2022, 12:55:39 AM",1
"11/10/2022, 01:38:00 AM",3
"11/10/2022, 01:38:56 AM",2
"11/10/2022, 01:56:41 AM",3
"11/10/2022, 01:57:45 AM",1
"11/10/2022, 02:24:56 AM",3
"11/10/2022, 02:25:52 AM",2
"11/10/2022, 02:55:11 AM",3
"11/10/2022, 02:56:14 AM",1
"11/10/2022, 03:25:00 AM",3
"11/10/2022, 03:25:58 AM",2
"11/10/2022, 03:47:29 AM",3
"11/10/2022, 03:48:31 AM",1
"11/10/2022, 04:12:56 AM",3
"11/10/2022, 04:13:54 AM",2
"11/10/2022, 04:36:54 AM",3
"11/10/2022, 04:37:55 AM",1
"11/10/2022, 04:54:54 AM",3
"11/10/2022, 04:55:50 AM",2
"11/10/2022, 05:14:05 AM",3
"11/10/2022, 05:15:10 AM",1
"11/10/2022, 06:09:00 AM",3
"11/10/2022, 06:09:56 AM",2
"11/10/2022, 06:25:23 AM",3
"11/10/2022, 06:26:25 AM",1
"11/10/2022, 07:08:36 AM",3
"11/10/2022, 07:09:32 AM",2
"11/10/2022, 07:23:16 AM",3
"11/10/2022, 07:24:20 AM",1
"11/10/2022, 07:47:02 AM",3
"11/10/2022, 07:47:57 AM",2
"11/10/2022, 08:01:57 AM",3
"11/10/2022, 08:02:59 AM",1
"11/10/2022, 08:42:23 AM",3
"11/10/2022, 08:43:19 AM",2
"11/10/2022, 08:59:28 AM",3
"11/10/2022, 09:00:29 AM",1
"11/10/2022, 09:47:58 AM",3
"11/10/2022, 09:48:56 AM",2
"11/10/2022, 10:05:48 AM",3
"11/10/2022, 10:06:49 AM",1
"11/10/2022, 10:39:13 AM",3
"11/10/2022, 10:40:09 AM",2
"11/10/2022, 11:02:38 AM",3
"11/10/2022, 11:03:40 AM",1
"11/10/2022, 11:53:42 AM",3
"11/10/2022, 11:54:40 AM",2
"11/10/2022, 12:10:15 PM",3
"11/10/2022, 12:11:16 PM",1
"11/10/2022, 12:48:16 PM",3
"11/10/2022, 12:49:14 PM",2
"11/10/2022, 01:13:14 PM",3
"11/10/2022, 01:14:17 PM",1
"11/10/2022, 01:46:37 PM",3
"11/10/2022, 01:47:33 PM",2
"11/10/2022, 02:08:59 PM",3
"11/10/2022, 02:10:03 PM",1
"11/10/2022, 02:42:03 PM",3
"11/10/2022, 02:43:02 PM",2
"11/10/2022, 03:00:19 PM",3
"11/10/2022, 03:01:21 PM",1
"11/10/2022, 03:04:18 PM",3
"11/10/2022, 03:05:14 PM",2
"11/10/2022, 03:15:50 PM",3
"11/10/2022, 03:16:52 PM",1
"11/10/2022, 03:24:53 PM",4
"11/10/2022, 03:24:55 PM",3
"11/10/2022, 03:25:48 PM",2
"11/10/2022, 03:44:12 PM",3
"11/10/2022, 03:45:14 PM",1
"11/10/2022, 03:45:30 PM",3
"11/10/2022, 03:46:23 PM",2
"11/10/2022, 03:49:40 PM",3
"11/10/2022, 03:50:41 PM",1
"11/10/2022, 04:24:37 PM",3
"11/10/2022, 04:25:34 PM",2
"11/10/2022, 04:38:33 PM",3
"11/10/2022, 04:39:34 PM",1
"11/10/2022, 04:57:19 PM",3
"11/10/2022, 04:58:15 PM",2
"11/10/2022, 05:53:58 PM",3
"11/10/2022, 05:55:00 PM",1
"11/10/2022, 05:59:37 PM",3
"11/10/2022, 06:00:32 PM",2
"11/10/2022, 06:08:01 PM",3
"11/10/2022, 06:09:03 PM",1
"11/10/2022, 06:09:13 PM",4
"11/10/2022, 06:09:16 PM",3
"11/10/2022, 06:10:07 PM",2
"11/10/2022, 06:14:36 PM",3
"11/10/2022, 06:15:40 PM",1
"11/10/2022, 06:15:49 PM",3
"11/10/2022, 06:16:42 PM",2
"11/10/2022, 09:28:18 PM",3
"11/10/2022, 09:29:21 PM",1
"11/10/2022, 09:29:43 PM",3
"11/10/2022, 09:30:37 PM",2
"11/10/2022, 09:37:44 PM",3
"11/10/2022, 09:38:45 PM",1
"11/10/2022, 09:39:00 PM",3
"11/10/2022, 09:39:55 PM",2
"11/10/2022, 09:44:18 PM",3
"11/10/2022, 09:45:21 PM",1
"11/10/2022, 09:45:36 PM",3
"11/10/2022, 09:46:28 PM",2
"11/10/2022, 09:50:59 PM",3
"11/10/2022, 09:52:02 PM",1
"11/10/2022, 09:52:19 PM",3
"11/10/2022, 09:53:12 PM",2
"11/10/2022, 09:57:20 PM",3
"11/10/2022, 09:58:23 PM",1
"11/10/2022, 09:58:36 PM",3
"11/10/2022, 09:59:26 PM",2
"11/10/2022, 10:03:32 PM",3
"11/10/2022, 10:04:35 PM",1
"11/10/2022, 10:05:04 PM",3
"11/10/2022, 10:05:55 PM",2
"11/10/2022, 10:09:42 PM",3
"11/10/2022, 10:10:45 PM",1
"11/10/2022, 10:10:56 PM",3
"11/10/2022, 10:11:48 PM",2
"11/10/2022, 10:18:07 PM",3
"11/10/2022, 10:19:10 PM",1
"11/10/2022, 10:19:53 PM",3
"11/10/2022, 10:20:44 PM",2
"11/10/2022, 10:24:48 PM",3
"11/10/2022, 10:25:51 PM",1
"11/10/2022, 10:26:17 PM",3
"11/10/2022, 10:27:06 PM",2
"11/10/2022, 10:31:04 PM",3
"11/10/2022, 10:32:06 PM",1
"11/10/2022, 10:32:23 PM",3
"11/10/2022, 10:33:14 PM",2
"11/10/2022, 10:37:09 PM",3
"11/10/2022, 10:38:11 PM",1
"11/10/2022, 10:38:21 PM",4
"11/10/2022, 10:38:24 PM",3
"11/10/2022, 10:39:15 PM",2
"11/10/2022, 10:43:13 PM",3
"11/10/2022, 10:44:15 PM",1
"11/10/2022, 10:44:21 PM",4
"11/10/2022, 10:44:24 PM",3
"11/10/2022, 10:45:12 PM",2
"11/10/2022, 10:48:43 PM",3
"11/10/2022, 10:49:46 PM",1
"11/10/2022, 10:49:59 PM",3
"11/10/2022, 10:50:49 PM",2
"11/10/2022, 10:54:38 PM",3
"11/10/2022, 10:55:38 PM",1
"11/10/2022, 10:56:13 PM",3
"11/10/2022, 10:57:01 PM",2
"11/10/2022, 11:00:45 PM",3
"11/10/2022, 11:01:46 PM",1
"11/10/2022, 11:02:36 PM",4
"11/10/2022, 11:02:38 PM",3
"11/10/2022, 11:03:27 PM",2
"11/10/2022, 11:07:23 PM",3
"11/10/2022, 11:08:24 PM",1
"11/10/2022, 11:08:50 PM",3
"11/10/2022, 11:09:38 PM",2
"11/10/2022, 11:13:21 PM",3
"11/10/2022, 11:14:24 PM",1
"11/10/2022, 11:14:37 PM",4
"11/10/2022, 11:14:39 PM",3
"11/10/2022, 11:15:27 PM",2
"11/10/2022, 11:20:44 PM",3
"11/10/2022, 11:21:45 PM",1
"11/10/2022, 11:45:43 PM",4
"11/10/2022, 11:45:45 PM",3
"11/10/2022, 11:46:37 PM",2
"11/10/2022, 11:50:21 PM",3
"11/10/2022, 11:51:23 PM",1
"11/10/2022, 11:51:37 PM",3
"11/10/2022, 11:52:27 PM",2
"11/10/2022, 11:58:09 PM",3
"11/10/2022, 11:59:11 PM",1
"11/10/2022, 11:59:45 PM",3
"11/11/2022, 12:00:35 AM",2
"11/11/2022, 12:04:13 AM",3
"11/11/2022, 12:05:15 AM",1
"11/11/2022, 12:05:23 AM",3
"11/11/2022, 12:06:12 AM",2
"11/11/2022, 12:10:51 AM",3
"11/11/2022, 12:11:54 AM",1
"11/11/2022, 12:12:14 AM",3
"11/11/2022, 12:13:02 AM",2
"11/11/2022, 12:16:37 AM",3
"11/11/2022, 12:17:39 AM",1
"11/11/2022, 12:17:56 AM",4
"11/11/2022, 12:17:58 AM",3
"11/11/2022, 12:18:48 AM",2
"11/11/2022, 12:22:13 AM",3
"11/11/2022, 12:23:15 AM",1
"11/11/2022, 12:23:33 AM",3
"11/11/2022, 12:24:22 AM",2
"11/11/2022, 12:27:39 AM",3
"11/11/2022, 12:28:43 AM",1
"11/11/2022, 12:28:56 AM",3
"11/11/2022, 12:29:45 AM",2
"11/11/2022, 12:33:09 AM",3
"11/11/2022, 12:34:10 AM",1
"11/11/2022, 12:34:23 AM",4
"11/11/2022, 12:34:25 AM",3
"11/11/2022, 12:35:15 AM",2
"11/11/2022, 12:39:22 AM",3
"11/11/2022, 12:40:24 AM",1
"11/11/2022, 12:40:35 AM",3
"11/11/2022, 12:41:23 AM",2
"11/11/2022, 12:45:27 AM",3
"11/11/2022, 12:46:30 AM",1
"11/11/2022, 12:46:40 AM",3
"11/11/2022, 12:47:30 AM",2
"11/11/2022, 12:52:27 AM",3
"11/11/2022, 12:53:29 AM",1
"11/11/2022, 12:56:05 AM",3
"11/11/2022, 12:56:54 AM",2
"11/11/2022, 01:00:53 AM",3
"11/11/2022, 01:01:55 AM",1
"11/11/2022, 01:05:14 AM",3
"11/11/2022, 01:06:03 AM",2
"11/11/2022, 01:09:29 AM",3
"11/11/2022, 01:10:32 AM",1
"11/11/2022, 01:13:24 AM",3
"11/11/2022, 01:14:13 AM",2
"11/11/2022, 01:17:48 AM",3
"11/11/2022, 01:18:50 AM",1
"11/11/2022, 01:24:16 AM",3
"11/11/2022, 01:25:05 AM",2
"11/11/2022, 01:28:39 AM",3
"11/11/2022, 01:29:41 AM",1
"11/11/2022, 01:30:16 AM",3
"11/11/2022, 01:31:05 AM",2
"11/11/2022, 03:42:55 PM",3
"11/11/2022, 03:43:58 PM",1
"11/14/2022, 09:15:20 AM",3
"11/14/2022, 09:16:24 AM",2
"11/14/2022, 10:42:00 AM",3
"11/14/2022, 10:43:04 AM",1
"11/16/2022, 08:37:20 AM",3
"11/16/2022, 08:38:20 AM",2
"11/16/2022, 12:11:55 PM",3
"11/16/2022, 12:12:58 PM",1
"11/16/2022, 12:14:03 PM",3
"11/16/2022, 12:15:02 PM",2
"11/16/2022, 12:33:58 PM",3
"11/16/2022, 12:35:00 PM",1
"11/16/2022, 12:40:20 PM",3
"11/16/2022, 12:41:16 PM",2
"11/16/2022, 12:55:03 PM",3
"11/16/2022, 12:56:07 PM",1
"11/16/2022, 01:01:26 PM",3
"11/16/2022, 01:02:18 PM",2
"11/16/2022, 01:25:53 PM",3
"11/16/2022, 01:26:55 PM",1
"11/16/2022, 02:48:27 PM",3
"11/16/2022, 02:49:26 PM",2
"11/16/2022, 03:30:10 PM",3
"11/16/2022, 03:31:10 PM",1
"11/16/2022, 03:32:45 PM",3
"11/16/2022, 03:33:40 PM",2
"11/16/2022, 03:46:22 PM",3
"11/16/2022, 03:47:27 PM",1
"11/16/2022, 03:50:13 PM",3
"11/16/2022, 03:51:07 PM",2
"11/16/2022, 04:21:56 PM",3
"11/16/2022, 04:22:59 PM",1
"11/16/2022, 04:26:16 PM",3
"11/16/2022, 04:27:11 PM",2
"11/16/2022, 04:45:06 PM",3
"11/16/2022, 04:46:09 PM",1
"11/16/2022, 04:49:53 PM",3
"11/16/2022, 04:50:47 PM",2
"11/16/2022, 05:34:59 PM",3
"11/16/2022, 05:36:02 PM",1
"11/16/2022, 05:37:26 PM",3
"11/16/2022, 05:38:19 PM",2
"11/16/2022, 05:40:07 PM",4
"11/16/2022, 05:40:09 PM",3
"11/16/2022, 05:41:10 PM",1
"11/16/2022, 05:59:11 PM",3
"11/16/2022, 06:00:10 PM",2
"11/16/2022, 07:49:12 PM",3
"11/16/2022, 07:50:15 PM",1
"11/16/2022, 10:50:48 PM",3
"11/16/2022, 10:51:47 PM",2
"11/16/2022, 10:56:09 PM",3
"11/16/2022, 10:57:13 PM",1
"11/16/2022, 11:09:25 PM",4
"11/16/2022, 11:09:27 PM",3
"11/16/2022, 11:10:23 PM",2
"11/17/2022, 06:01:13 PM",3
"11/17/2022, 06:02:15 PM",1
"11/17/2022, 08:31:14 PM",3
"11/17/2022, 08:32:14 PM",2
"11/17/2022, 09:28:06 PM",3
"11/17/2022, 09:29:09 PM",1
"11/18/2022, 12:31:25 AM",3
"11/18/2022, 12:32:24 AM",2
"11/18/2022, 09:37:37 AM",3
"11/18/2022, 09:38:40 AM",1
"11/18/2022, 10:51:32 AM",3
"11/18/2022, 10:52:30 AM",2
"11/18/2022, 12:05:12 PM",3
"11/18/2022, 12:06:15 PM",1
"11/18/2022, 03:47:33 PM",3
"11/18/2022, 03:48:33 PM",2
"11/18/2022, 04:40:49 PM",3
"11/18/2022, 04:41:54 PM",1
"11/18/2022, 08:23:46 PM",3
"11/18/2022, 08:24:46 PM",2
"11/18/2022, 09:16:32 PM",3
"11/18/2022, 09:17:35 PM",1
"11/18/2022, 09:34:28 PM",4
"11/18/2022, 09:34:31 PM",1
"11/19/2022, 08:06:26 AM",3
"11/19/2022, 08:07:26 AM",2
"11/19/2022, 09:03:17 AM",3
"11/19/2022, 09:04:22 AM",1
"11/19/2022, 12:09:28 PM",3
"11/19/2022, 12:10:27 PM",2
"11/19/2022, 12:46:05 PM",3
"11/19/2022, 12:47:08 PM",1
"11/19/2022, 03:43:20 PM",3
"11/19/2022, 03:44:21 PM",2
"11/19/2022, 04:40:39 PM",3
"11/19/2022, 04:41:43 PM",1
"11/19/2022, 08:00:59 PM",3
"11/19/2022, 08:01:59 PM",2
"11/19/2022, 08:53:14 PM",3
"11/19/2022, 08:54:19 PM",1
"11/19/2022, 10:11:25 PM",3
"11/19/2022, 10:12:23 PM",2
"11/19/2022, 10:48:48 PM",3
"11/19/2022, 10:49:51 PM",1
"11/20/2022, 12:03:40 AM",3
"11/20/2022, 12:04:39 AM",2
"11/21/2022, 10:16:43 AM",3
"11/21/2022, 10:17:46 AM",1
"11/21/2022, 05:35:43 PM",3
"11/21/2022, 05:36:44 PM",2
"11/22/2022, 09:20:05 AM",3
"11/22/2022, 09:21:10 AM",1
"11/22/2022, 11:08:00 AM",3
"11/22/2022, 11:09:00 AM",2
"11/22/2022, 02:26:45 PM",3
"11/22/2022, 02:27:48 PM",1
"11/22/2022, 02:36:04 PM",3
"11/22/2022, 02:37:02 PM",2
"11/22/2022, 03:24:45 PM",3
"11/22/2022, 03:25:48 PM",1
"11/22/2022, 04:36:47 PM",3
"11/22/2022, 04:37:45 PM",2
"11/22/2022, 05:19:09 PM",3
"11/22/2022, 05:20:14 PM",1
"11/23/2022, 08:42:07 AM",3
"11/23/2022, 08:43:08 AM",2
"11/24/2022, 01:45:25 PM",3
"11/24/2022, 01:46:30 PM",1
"11/24/2022, 01:49:18 PM",3
"11/24/2022, 01:50:16 PM",2
"11/24/2022, 02:41:20 PM",3
"11/24/2022, 02:42:23 PM",1
"11/24/2022, 02:44:16 PM",3
"11/24/2022, 02:45:13 PM",2
"11/24/2022, 03:38:55 PM",3
"11/24/2022, 03:39:52 PM",1
"11/24/2022, 03:44:33 PM",3
"11/24/2022, 03:45:26 PM",2
"11/24/2022, 05:49:27 PM",3
"11/24/2022, 05:50:29 PM",1
"11/24/2022, 05:52:33 PM",3
"11/24/2022, 05:53:27 PM",2
"11/24/2022, 06:06:44 PM",3
"11/24/2022, 06:07:48 PM",1
"11/24/2022, 06:11:04 PM",3
"11/24/2022, 06:11:59 PM",2
"11/24/2022, 07:42:11 PM",3
"11/24/2022, 07:43:14 PM",1
"11/24/2022, 07:45:51 PM",3
"11/24/2022, 07:46:45 PM",2
"11/24/2022, 08:00:18 PM",3
"11/24/2022, 08:01:20 PM",1
"11/24/2022, 08:10:16 PM",3
"11/24/2022, 08:11:12 PM",2
"11/24/2022, 09:12:44 PM",3
"11/24/2022, 09:13:49 PM",1
"11/24/2022, 09:15:13 PM",3
"11/24/2022, 09:16:08 PM",2
"11/24/2022, 09:56:42 PM",3
"11/24/2022, 09:57:44 PM",1
"11/24/2022, 09:59:55 PM",3
"11/24/2022, 10:00:49 PM",2
"11/24/2022, 10:10:22 PM",3
"11/24/2022, 10:11:25 PM",1
"11/24/2022, 10:13:22 PM",3
"11/24/2022, 10:14:15 PM",2
"11/24/2022, 10:43:31 PM",3
"11/24/2022, 10:44:34 PM",1
"11/24/2022, 10:45:25 PM",3
"11/24/2022, 10:46:20 PM",2
"11/24/2022, 11:20:20 PM",3
"11/24/2022, 11:21:22 PM",1
"11/24/2022, 11:24:27 PM",3
"11/24/2022, 11:25:22 PM",2
"11/24/2022, 11:52:00 PM",3
"11/24/2022, 11:53:02 PM",1
"11/24/2022, 11:55:30 PM",3
"11/24/2022, 11:56:26 PM",2
"11/25/2022, 12:25:20 PM",3
"11/25/2022, 12:26:25 PM",1
"11/25/2022, 02:14:02 PM",3
"11/25/2022, 02:15:00 PM",2
"11/28/2022, 11:03:06 AM",3
"11/28/2022, 11:04:11 AM",4
"11/28/2022, 11:07:08 AM",1
"11/28/2022, 11:07:10 AM",4
"11/28/2022, 11:07:13 AM",1
"11/28/2022, 11:14:48 AM",3
"11/28/2022, 11:15:46 AM",2
"11/28/2022, 11:22:13 AM",3
"11/28/2022, 11:23:16 AM",1
"11/28/2022, 11:38:07 AM",3
"11/28/2022, 11:39:04 AM",2
"11/28/2022, 11:40:28 AM",3
"11/28/2022, 11:41:33 AM",1
"11/28/2022, 11:46:12 AM",3
"11/28/2022, 11:47:08 AM",2
"11/28/2022, 12:06:44 PM",3
"11/28/2022, 12:07:47 PM",1
"11/28/2022, 12:17:31 PM",3
"11/28/2022, 12:18:27 PM",2
"11/28/2022, 12:21:04 PM",3
"11/28/2022, 12:22:07 PM",1
"11/28/2022, 02:16:04 PM",3
"11/28/2022, 02:17:02 PM",2
"11/28/2022, 02:32:52 PM",3
"11/28/2022, 02:33:54 PM",1
"11/28/2022, 02:34:14 PM",3
"11/28/2022, 02:35:07 PM",2
"11/28/2022, 02:36:21 PM",3
"11/28/2022, 02:37:24 PM",1
"11/28/2022, 03:53:03 PM",3
"11/28/2022, 03:54:02 PM",2
"11/28/2022, 04:30:10 PM",3
"11/28/2022, 04:31:13 PM",1
"11/28/2022, 04:31:22 PM",3
"11/28/2022, 04:32:18 PM",2
"11/28/2022, 04:46:05 PM",3
"11/28/2022, 04:47:09 PM",1
"11/28/2022, 05:15:06 PM",3
"11/28/2022, 05:16:04 PM",2
"11/28/2022, 05:50:10 PM",3
"11/28/2022, 05:51:12 PM",1
"11/28/2022, 06:07:30 PM",3
"11/28/2022, 06:08:26 PM",2
"11/28/2022, 06:26:33 PM",3
"11/28/2022, 06:27:36 PM",1
"11/28/2022, 06:39:01 PM",3
"11/28/2022, 06:39:55 PM",2
"11/28/2022, 07:01:55 PM",3
"11/28/2022, 07:02:57 PM",1
"11/28/2022, 09:37:29 PM",3
"11/28/2022, 09:38:27 PM",2
"11/28/2022, 10:07:53 PM",3
"11/28/2022, 10:08:56 PM",1
"11/29/2022, 06:55:42 AM",3
"11/29/2022, 06:56:41 AM",2
"11/29/2022, 09:25:25 AM",3
"11/29/2022, 09:26:28 AM",1
"11/29/2022, 09:30:31 AM",3
"11/29/2022, 09:31:26 AM",2
"11/29/2022, 09:41:28 AM",3
"11/29/2022, 09:42:30 AM",1
"11/29/2022, 09:57:33 AM",3
"11/29/2022, 09:58:31 AM",2
"11/29/2022, 10:30:26 AM",3
"11/29/2022, 10:31:27 AM",1
"11/29/2022, 10:46:53 AM",3
"11/29/2022, 10:47:49 AM",2
"11/29/2022, 11:03:39 AM",3
"11/29/2022, 11:04:44 AM",1
"11/29/2022, 11:18:32 AM",3
"11/29/2022, 11:19:30 AM",2
"11/29/2022, 12:16:03 PM",3
"11/29/2022, 12:17:03 PM",1
"11/29/2022, 01:45:43 PM",3
"11/29/2022, 01:46:42 PM",2
"11/29/2022, 04:28:21 PM",3
"11/29/2022, 04:29:23 PM",1
"11/29/2022, 04:32:01 PM",3
"11/29/2022, 04:32:56 PM",2
"11/29/2022, 04:40:56 PM",3
"11/29/2022, 04:41:58 PM",1
"11/29/2022, 10:34:28 PM",3
"11/29/2022, 10:35:28 PM",2
"11/29/2022, 11:11:57 PM",3
"11/29/2022, 11:12:59 PM",1
"11/30/2022, 08:49:34 AM",3
"11/30/2022, 08:50:32 AM",2
"11/30/2022, 09:33:56 AM",3
"11/30/2022, 09:35:01 AM",1
"11/30/2022, 10:01:00 AM",3
"11/30/2022, 10:01:59 AM",2
"11/30/2022, 10:41:07 AM",3
"11/30/2022, 10:42:11 AM",1
"11/30/2022, 10:44:19 AM",3
"11/30/2022, 10:45:15 AM",2
"11/30/2022, 10:50:33 AM",3
"11/30/2022, 10:51:34 AM",1
"11/30/2022, 11:29:06 AM",3
"11/30/2022, 11:30:05 AM",2
"11/30/2022, 12:10:54 PM",4
"11/30/2022, 12:11:57 PM",1
"11/30/2022, 01:28:51 PM",3
"11/30/2022, 01:29:50 PM",2
"11/30/2022, 03:15:22 PM",3
"11/30/2022, 03:16:24 PM",1
"11/30/2022, 04:58:09 PM",3
"11/30/2022, 04:59:08 PM",2
"11/30/2022, 05:40:04 PM",3
"11/30/2022, 05:41:07 PM",1
"11/30/2022, 05:51:31 PM",3
"11/30/2022, 05:52:28 PM",2
"11/30/2022, 06:21:44 PM",3
"11/30/2022, 06:22:45 PM",1
"11/30/2022, 06:37:00 PM",3
"11/30/2022, 06:37:58 PM",2
"11/30/2022, 07:00:42 PM",3
"11/30/2022, 07:01:45 PM",1
"12/01/2022, 06:58:05 AM",3
"12/01/2022, 06:59:04 AM",2
"12/01/2022, 09:59:36 AM",3
"12/01/2022, 10:00:38 AM",1
"12/01/2022, 10:31:24 AM",3
"12/01/2022, 10:32:23 AM",2
"12/01/2022, 10:58:34 AM",3
"12/01/2022, 10:59:37 AM",1
"12/01/2022, 11:33:32 AM",3
"12/01/2022, 11:34:30 AM",2
"12/01/2022, 11:54:45 AM",3
"12/01/2022, 11:55:48 AM",1
"12/01/2022, 12:42:27 PM",3
"12/01/2022, 12:43:19 PM",2
"12/01/2022, 02:31:20 PM",3
"12/01/2022, 02:32:22 PM",1
"12/01/2022, 03:12:59 PM",3
"12/01/2022, 03:13:57 PM",2
"12/01/2022, 03:53:20 PM",3
"12/01/2022, 03:54:23 PM",1
"12/01/2022, 03:56:10 PM",3
"12/01/2022, 03:57:04 PM",2
"12/01/2022, 04:01:40 PM",3
"12/01/2022, 04:02:45 PM",1
"12/01/2022, 04:25:38 PM",3
"12/01/2022, 04:26:36 PM",2
"12/01/2022, 04:55:42 PM",3
"12/01/2022, 04:56:45 PM",1
"12/01/2022, 05:24:15 PM",3
"12/01/2022, 05:25:11 PM",2
"12/01/2022, 05:54:47 PM",3
"12/01/2022, 05:55:49 PM",1
"12/01/2022, 06:20:32 PM",3
"12/01/2022, 06:21:32 PM",2
"12/01/2022, 06:35:35 PM",3
"12/01/2022, 06:36:38 PM",1
"12/01/2022, 06:36:47 PM",3
"12/01/2022, 06:37:43 PM",2
"12/01/2022, 06:52:36 PM",3
"12/01/2022, 06:53:39 PM",1
"12/02/2022, 06:58:03 AM",3
"12/02/2022, 06:59:02 AM",2
"12/02/2022, 09:52:36 AM",3
"12/02/2022, 09:53:40 AM",1
"12/02/2022, 10:08:35 AM",3
"12/02/2022, 10:09:32 AM",2
"12/02/2022, 10:42:29 AM",3
"12/02/2022, 10:43:36 AM",1
"12/02/2022, 11:07:24 AM",3
"12/02/2022, 11:08:21 AM",2
"12/02/2022, 11:38:05 AM",3
"12/02/2022, 11:39:06 AM",1
"12/02/2022, 12:33:47 PM",3
"12/02/2022, 12:34:44 PM",2
"12/02/2022, 12:38:46 PM",3
"12/02/2022, 12:39:47 PM",1
"12/02/2022, 01:53:09 PM",3
"12/02/2022, 01:54:06 PM",2
"12/02/2022, 02:31:16 PM",3
"12/02/2022, 02:32:19 PM",1
"12/02/2022, 03:06:27 PM",3
"12/02/2022, 03:07:26 PM",2
"12/02/2022, 04:26:19 PM",3
"12/02/2022, 04:27:21 PM",1
"12/02/2022, 04:45:49 PM",3
"12/02/2022, 04:46:46 PM",2
"12/02/2022, 05:36:32 PM",3
"12/02/2022, 05:37:29 PM",1
"12/02/2022, 06:10:15 PM",3
"12/02/2022, 06:11:12 PM",2
"12/02/2022, 06:33:17 PM",3
"12/02/2022, 06:34:22 PM",1
"12/02/2022, 09:12:46 PM",3
"12/02/2022, 09:13:47 PM",2
"12/02/2022, 10:12:47 PM",3
"12/02/2022, 10:13:51 PM",1
"12/03/2022, 06:57:21 AM",3
"12/03/2022, 06:58:20 AM",2
"12/04/2022, 05:57:49 PM",3
"12/04/2022, 05:58:52 PM",1
"12/04/2022, 09:07:26 PM",3
"12/04/2022, 09:08:24 PM",2
"12/05/2022, 01:21:51 AM",3
"12/05/2022, 01:22:56 AM",1
"12/05/2022, 04:41:19 AM",3
"12/05/2022, 04:42:16 AM",2
"12/05/2022, 09:25:20 AM",3
"12/05/2022, 09:26:23 AM",1
"12/05/2022, 06:30:44 PM",3
"12/05/2022, 06:31:44 PM",2
"12/06/2022, 05:03:43 AM",3
"12/06/2022, 05:04:48 AM",1
"12/06/2022, 01:40:24 PM",3
"12/06/2022, 01:41:23 PM",2
"12/06/2022, 11:11:11 PM",3
"12/06/2022, 11:12:14 PM",1
"12/07/2022, 05:43:47 AM",3
"12/07/2022, 05:44:47 AM",2
"12/07/2022, 03:21:13 PM",4
"12/07/2022, 03:21:16 PM",3
"12/07/2022, 03:22:14 PM",1
"12/07/2022, 10:39:13 PM",3
"12/07/2022, 10:40:12 PM",2
"12/09/2022, 12:31:13 PM",3
"12/09/2022, 12:32:19 PM",1
"12/09/2022, 02:55:54 PM",3
"12/09/2022, 02:56:45 PM",2
"12/09/2022, 03:56:29 PM",3
"12/09/2022, 03:57:38 PM",1
"12/09/2022, 04:57:44 PM",3
"12/09/2022, 04:58:41 PM",2
"12/09/2022, 05:19:02 PM",3
"12/09/2022, 05:20:08 PM",1
"12/09/2022, 06:19:30 PM",3
"12/09/2022, 06:20:29 PM",2
"12/09/2022, 07:38:10 PM",3
"12/09/2022, 07:39:16 PM",1
"12/09/2022, 09:01:42 PM",3
"12/09/2022, 09:02:41 PM",2
"12/09/2022, 09:15:57 PM",3
"12/09/2022, 09:17:01 PM",1
"12/09/2022, 09:25:10 PM",3
"12/09/2022, 09:26:06 PM",2
"12/09/2022, 09:27:11 PM",3
"12/09/2022, 09:28:13 PM",1
"12/09/2022, 09:31:25 PM",3
"12/09/2022, 09:32:19 PM",2
"12/09/2022, 09:39:04 PM",3
"12/09/2022, 09:40:07 PM",1
"12/09/2022, 09:44:27 PM",3
"12/09/2022, 09:45:22 PM",2
"12/09/2022, 09:54:25 PM",3
"12/09/2022, 09:55:30 PM",1
"12/10/2022, 08:19:46 AM",3
"12/10/2022, 08:20:47 AM",2
"12/10/2022, 10:51:28 AM",3
"12/10/2022, 10:52:32 AM",1
"12/10/2022, 02:07:32 PM",3
"12/10/2022, 02:08:33 PM",2
"12/10/2022, 02:53:51 PM",3
"12/10/2022, 02:54:54 PM",1
"12/10/2022, 03:04:36 PM",3
"12/10/2022, 03:05:35 PM",2
"12/10/2022, 03:08:39 PM",3
"12/10/2022, 03:09:42 PM",1
"12/10/2022, 03:16:34 PM",3
"12/10/2022, 03:17:32 PM",2
"12/10/2022, 03:24:36 PM",3
"12/10/2022, 03:25:40 PM",1
"12/10/2022, 05:13:12 PM",3
"12/10/2022, 05:14:11 PM",2
"12/10/2022, 05:34:55 PM",3
"12/10/2022, 05:36:00 PM",1
"12/10/2022, 06:11:26 PM",3
"12/10/2022, 06:12:26 PM",2
"12/10/2022, 06:14:48 PM",3
"12/10/2022, 06:15:50 PM",1
"12/10/2022, 10:28:07 PM",3
"12/10/2022, 10:29:08 PM",2
"12/10/2022, 11:07:13 PM",3
"12/10/2022, 11:08:16 PM",1
"12/10/2022, 11:09:22 PM",3
"12/10/2022, 11:10:17 PM",2
"12/10/2022, 11:14:08 PM",3
"12/10/2022, 11:15:11 PM",1
"12/11/2022, 09:07:30 AM",3
"12/11/2022, 09:08:31 AM",2
"12/11/2022, 09:30:03 AM",3
"12/11/2022, 09:31:07 AM",1
"12/11/2022, 09:33:52 AM",3
"12/11/2022, 09:34:50 AM",2
"12/11/2022, 10:17:22 AM",3
"12/11/2022, 10:18:25 AM",1
"12/11/2022, 01:45:38 PM",3
"12/11/2022, 01:46:36 PM",2
"12/11/2022, 02:30:21 PM",3
"12/11/2022, 02:31:25 PM",1
"12/11/2022, 03:48:38 PM",3
"12/11/2022, 03:49:38 PM",2
"12/11/2022, 04:14:49 PM",3
"12/11/2022, 04:15:52 PM",1
"12/11/2022, 09:37:24 PM",3
"12/11/2022, 09:38:26 PM",2
"12/11/2022, 10:05:34 PM",3
"12/11/2022, 10:06:40 PM",1
"12/12/2022, 08:35:48 AM",3
"12/12/2022, 08:36:50 AM",2
"12/12/2022, 11:08:38 AM",3
"12/12/2022, 11:09:42 AM",1
"12/13/2022, 09:46:29 AM",3
"12/13/2022, 09:47:29 AM",2
"12/13/2022, 10:51:06 AM",3
"12/13/2022, 10:52:11 AM",1
"12/13/2022, 11:03:13 AM",3
"12/13/2022, 11:04:10 AM",2
"12/13/2022, 12:00:48 PM",3
"12/13/2022, 12:01:51 PM",1
"12/13/2022, 12:13:46 PM",3
"12/13/2022, 12:14:42 PM",2
"12/13/2022, 12:50:48 PM",3
"12/13/2022, 12:51:51 PM",1
"12/13/2022, 05:52:14 PM",3
"12/13/2022, 05:53:12 PM",2
"12/13/2022, 06:21:06 PM",3
"12/13/2022, 06:22:10 PM",1
"12/13/2022, 07:16:02 PM",3
"12/13/2022, 07:17:01 PM",2
"12/13/2022, 07:35:57 PM",3
"12/13/2022, 07:37:01 PM",1
"12/13/2022, 09:51:46 PM",3
"12/13/2022, 09:52:44 PM",2
"12/13/2022, 10:18:21 PM",3
"12/13/2022, 10:19:22 PM",1
"12/14/2022, 09:14:41 AM",3
"12/14/2022, 09:15:42 AM",2
"12/14/2022, 10:28:29 AM",3
"12/14/2022, 10:29:34 AM",1
"12/14/2022, 10:43:33 AM",3
"12/14/2022, 10:44:31 AM",2
"12/14/2022, 10:53:07 AM",3
"12/14/2022, 10:54:12 AM",1
"12/14/2022, 12:28:56 PM",3
"12/14/2022, 12:29:54 PM",2
"12/14/2022, 12:34:16 PM",3
"12/14/2022, 12:35:20 PM",1
"12/14/2022, 02:45:06 PM",3
"12/14/2022, 02:46:07 PM",2
"12/14/2022, 03:22:10 PM",3
"12/14/2022, 03:23:12 PM",1
"12/14/2022, 06:55:45 PM",3
"12/14/2022, 06:56:45 PM",2
"12/14/2022, 07:43:12 PM",3
"12/14/2022, 07:44:16 PM",1
"12/15/2022, 08:21:46 AM",1
"12/15/2022, 11:08:35 AM",3
"12/15/2022, 11:09:34 AM",2
"12/15/2022, 11:26:09 AM",3
"12/15/2022, 11:27:12 AM",1
"12/15/2022, 04:53:08 PM",3
"12/15/2022, 04:54:08 PM",2
"12/15/2022, 05:24:50 PM",3
"12/15/2022, 05:25:54 PM",1
"12/15/2022, 10:46:04 PM",3
"12/15/2022, 10:47:03 PM",2
"12/15/2022, 11:40:16 PM",3
"12/15/2022, 11:41:20 PM",1
"12/16/2022, 08:10:54 AM",3
"12/16/2022, 08:11:54 AM",2

