"Time","t2shut::inter:status"
"11/08/2022, 11:24:48 AM",3
"11/08/2022, 11:25:29 AM",1
"11/08/2022, 11:32:46 AM",3
"11/08/2022, 11:33:05 AM",2
"11/08/2022, 11:36:18 AM",3
"11/08/2022, 11:37:01 AM",1
"11/08/2022, 12:07:31 PM",3
"11/08/2022, 12:07:53 PM",2
"11/08/2022, 12:10:08 PM",3
"11/08/2022, 12:10:49 PM",1
"11/08/2022, 02:19:04 PM",3
"11/08/2022, 02:19:25 PM",2
"11/08/2022, 03:13:39 PM",3
"11/08/2022, 03:14:20 PM",1
"11/09/2022, 12:39:53 PM",3
"11/09/2022, 12:40:12 PM",2
"11/09/2022, 12:46:15 PM",3
"11/09/2022, 12:46:53 PM",1
"11/09/2022, 02:41:15 PM",4
"11/09/2022, 02:41:17 PM",3
"11/09/2022, 02:41:36 PM",2
"11/09/2022, 02:43:30 PM",3
"11/09/2022, 02:44:11 PM",1
"11/10/2022, 01:30:47 PM",3
"11/10/2022, 01:31:09 PM",2
"11/10/2022, 01:39:52 PM",3
"11/10/2022, 01:40:35 PM",1
"11/10/2022, 02:05:42 PM",3
"11/10/2022, 02:06:04 PM",2
"11/10/2022, 02:30:53 PM",3
"11/10/2022, 02:31:35 PM",1
"11/10/2022, 04:06:40 PM",3
"11/10/2022, 04:07:02 PM",2
"11/10/2022, 04:27:42 PM",3
"11/10/2022, 04:28:25 PM",1
"11/10/2022, 05:54:45 PM",3
"11/10/2022, 05:55:05 PM",2
"11/10/2022, 05:57:16 PM",3
"11/10/2022, 05:57:58 PM",1
"11/10/2022, 05:58:00 PM",3
"11/10/2022, 05:58:20 PM",2
"11/10/2022, 06:12:07 PM",3
"11/10/2022, 06:12:50 PM",1
"11/11/2022, 08:56:22 AM",3
"11/11/2022, 08:56:43 AM",2
"11/11/2022, 09:14:25 AM",3
"11/11/2022, 09:15:06 AM",1
"11/11/2022, 09:36:36 AM",3
"11/11/2022, 09:36:56 AM",2
"11/11/2022, 09:43:24 AM",3
"11/11/2022, 09:44:06 AM",1
"11/11/2022, 10:51:31 AM",3
"11/11/2022, 10:51:53 AM",2
"11/11/2022, 11:28:18 AM",3
"11/11/2022, 11:29:01 AM",1
"11/11/2022, 12:04:52 PM",3
"11/11/2022, 12:05:12 PM",2
"11/11/2022, 12:08:28 PM",3
"11/11/2022, 12:09:06 PM",1
"11/11/2022, 12:17:27 PM",3
"11/11/2022, 12:17:46 PM",2
"11/11/2022, 12:19:25 PM",3
"11/11/2022, 12:20:05 PM",1
"11/11/2022, 01:46:05 PM",3
"11/11/2022, 01:46:26 PM",2
"11/11/2022, 01:54:05 PM",3
"11/11/2022, 01:54:46 PM",1
"11/11/2022, 03:25:21 PM",3
"11/11/2022, 03:25:41 PM",2
"11/11/2022, 03:28:31 PM",3
"11/11/2022, 03:29:14 PM",1
"11/11/2022, 03:50:12 PM",3
"11/11/2022, 03:50:33 PM",2
"11/11/2022, 03:57:16 PM",3
"11/11/2022, 03:57:59 PM",1
"11/11/2022, 05:08:29 PM",4
"11/11/2022, 05:08:32 PM",3
"11/11/2022, 05:08:51 PM",2
"11/11/2022, 05:42:09 PM",3
"11/11/2022, 05:42:50 PM",1
"11/11/2022, 07:03:53 PM",3
"11/11/2022, 07:04:16 PM",2
"11/11/2022, 07:06:20 PM",3
"11/11/2022, 07:07:05 PM",1
"11/11/2022, 07:11:35 PM",3
"11/11/2022, 07:11:57 PM",2
"11/11/2022, 07:14:05 PM",3
"11/11/2022, 07:14:46 PM",1
"11/11/2022, 08:42:31 PM",3
"11/11/2022, 08:42:45 PM",2
"11/11/2022, 09:54:12 PM",3
"11/11/2022, 09:54:53 PM",1
"11/11/2022, 11:10:57 PM",3
"11/11/2022, 11:11:17 PM",2
"11/11/2022, 11:15:09 PM",3
"11/11/2022, 11:15:51 PM",1
"11/11/2022, 11:47:26 PM",3
"11/11/2022, 11:47:48 PM",2
"11/11/2022, 11:57:08 PM",3
"11/11/2022, 11:57:49 PM",1
"11/12/2022, 01:12:58 AM",3
"11/12/2022, 01:13:18 AM",2
"11/12/2022, 01:30:15 AM",3
"11/12/2022, 01:30:56 AM",1
"11/12/2022, 02:47:16 AM",3
"11/12/2022, 02:47:38 AM",2
"11/12/2022, 02:56:14 AM",3
"11/12/2022, 02:56:55 AM",1
"11/12/2022, 03:10:38 AM",3
"11/12/2022, 03:10:57 AM",2
"11/12/2022, 03:11:54 AM",3
"11/12/2022, 03:12:37 AM",1
"11/12/2022, 04:31:29 AM",3
"11/12/2022, 04:31:48 AM",2
"11/12/2022, 04:35:43 AM",3
"11/12/2022, 04:36:23 AM",1
"11/12/2022, 04:44:18 AM",3
"11/12/2022, 04:44:40 AM",2
"11/12/2022, 04:49:55 AM",3
"11/12/2022, 04:50:37 AM",1
"11/12/2022, 10:31:04 AM",3
"11/12/2022, 10:31:25 AM",2
"11/12/2022, 10:50:53 AM",3
"11/12/2022, 10:51:33 AM",1
"11/12/2022, 12:05:07 PM",3
"11/12/2022, 12:05:28 PM",2
"11/12/2022, 12:13:48 PM",3
"11/12/2022, 12:14:29 PM",1
"11/12/2022, 01:32:09 PM",3
"11/12/2022, 01:32:30 PM",2
"11/12/2022, 01:35:25 PM",3
"11/12/2022, 01:36:06 PM",1
"11/12/2022, 02:55:52 PM",3
"11/12/2022, 02:56:14 PM",2
"11/12/2022, 02:59:03 PM",3
"11/12/2022, 02:59:42 PM",1
"11/12/2022, 04:20:16 PM",3
"11/12/2022, 04:20:38 PM",2
"11/12/2022, 04:21:52 PM",3
"11/12/2022, 04:22:33 PM",1
"11/12/2022, 05:35:19 PM",3
"11/12/2022, 05:35:38 PM",2
"11/12/2022, 05:37:10 PM",3
"11/12/2022, 05:37:51 PM",1
"11/12/2022, 08:59:53 PM",3
"11/12/2022, 09:00:15 PM",2
"11/12/2022, 09:05:46 PM",3
"11/12/2022, 09:06:28 PM",1
"11/12/2022, 10:27:56 PM",3
"11/12/2022, 10:28:16 PM",2
"11/12/2022, 10:36:15 PM",3
"11/12/2022, 10:36:53 PM",1
"11/12/2022, 10:47:00 PM",3
"11/12/2022, 10:47:20 PM",2
"11/12/2022, 10:48:35 PM",3
"11/12/2022, 10:49:15 PM",1
"11/12/2022, 11:00:26 PM",3
"11/12/2022, 11:00:46 PM",2
"11/12/2022, 11:03:46 PM",3
"11/12/2022, 11:04:29 PM",1
"11/13/2022, 12:19:02 AM",3
"11/13/2022, 12:19:21 AM",2
"11/13/2022, 12:27:58 AM",3
"11/13/2022, 12:28:36 AM",1
"11/13/2022, 01:43:02 AM",3
"11/13/2022, 01:43:21 AM",2
"11/13/2022, 01:56:04 AM",3
"11/13/2022, 01:56:46 AM",1
"11/13/2022, 08:45:00 AM",3
"11/13/2022, 08:45:22 AM",2
"11/13/2022, 08:59:58 AM",3
"11/13/2022, 09:00:38 AM",1
"11/13/2022, 10:13:14 AM",3
"11/13/2022, 10:13:38 AM",2
"11/13/2022, 10:15:47 AM",3
"11/13/2022, 10:16:27 AM",1
"11/13/2022, 11:29:47 AM",3
"11/13/2022, 11:30:10 AM",2
"11/13/2022, 11:32:20 AM",3
"11/13/2022, 11:32:59 AM",1
"11/13/2022, 04:18:14 PM",2
"11/13/2022, 05:01:56 PM",3
"11/13/2022, 05:02:34 PM",1
"11/13/2022, 06:14:43 PM",3
"11/13/2022, 06:15:05 PM",2
"11/13/2022, 07:15:47 PM",3
"11/13/2022, 07:16:22 PM",1
"11/13/2022, 07:16:37 PM",3
"11/13/2022, 07:16:59 PM",2
"11/13/2022, 07:18:21 PM",3
"11/13/2022, 07:19:01 PM",1
"11/13/2022, 09:45:47 PM",3
"11/13/2022, 09:46:07 PM",2
"11/13/2022, 09:48:10 PM",3
"11/13/2022, 09:48:51 PM",1
"11/13/2022, 10:53:58 PM",3
"11/13/2022, 10:54:17 PM",2
"11/13/2022, 11:05:14 PM",3
"11/13/2022, 11:05:54 PM",1
"11/14/2022, 12:09:10 AM",3
"11/14/2022, 12:09:29 AM",2
"11/14/2022, 12:12:32 AM",3
"11/14/2022, 12:13:13 AM",1
"11/14/2022, 01:15:19 AM",3
"11/14/2022, 01:15:39 AM",2
"11/14/2022, 02:50:18 AM",3
"11/14/2022, 02:50:59 AM",1
"11/14/2022, 03:57:26 AM",3
"11/14/2022, 03:57:48 AM",2
"11/14/2022, 03:59:33 AM",3
"11/14/2022, 04:00:14 AM",1
"11/14/2022, 05:01:54 AM",3
"11/14/2022, 05:02:16 AM",2
"11/14/2022, 06:30:41 AM",3
"11/14/2022, 06:31:23 AM",1
"11/14/2022, 06:31:27 AM",3
"11/14/2022, 06:31:49 AM",2
"11/14/2022, 06:32:27 AM",3
"11/14/2022, 06:33:08 AM",1
"11/14/2022, 07:42:11 AM",4
"11/14/2022, 07:42:13 AM",3
"11/14/2022, 07:42:32 AM",2
"11/14/2022, 07:43:32 AM",3
"11/14/2022, 07:44:13 AM",1
"11/14/2022, 08:52:06 AM",3
"11/14/2022, 08:52:28 AM",2
"11/14/2022, 10:28:49 AM",3
"11/14/2022, 10:29:30 AM",1
"11/14/2022, 11:43:35 AM",3
"11/14/2022, 11:43:55 AM",2
"11/14/2022, 11:45:35 AM",3
"11/14/2022, 11:46:17 AM",1
"11/14/2022, 01:11:53 PM",3
"11/14/2022, 01:12:15 PM",2
"11/14/2022, 05:22:25 PM",3
"11/14/2022, 05:23:00 PM",1
"11/15/2022, 09:02:48 AM",3
"11/15/2022, 09:03:10 AM",2
"11/15/2022, 09:54:33 AM",3
"11/15/2022, 09:55:14 AM",1
"11/15/2022, 01:55:24 PM",3
"11/15/2022, 01:55:44 PM",2
"11/15/2022, 01:58:17 PM",3
"11/15/2022, 01:58:58 PM",1
"11/15/2022, 03:26:23 PM",3
"11/15/2022, 03:26:43 PM",2
"11/15/2022, 03:29:09 PM",3
"11/15/2022, 03:29:51 PM",1
"11/15/2022, 06:21:01 PM",3
"11/15/2022, 06:21:22 PM",2
"11/15/2022, 06:48:51 PM",3
"11/15/2022, 06:49:32 PM",1
"11/15/2022, 10:46:44 PM",3
"11/15/2022, 10:47:04 PM",2
"11/15/2022, 10:59:22 PM",3
"11/15/2022, 11:00:10 PM",1
"11/16/2022, 07:58:32 AM",3
"11/16/2022, 07:58:55 AM",2
"11/16/2022, 08:13:31 AM",3
"11/16/2022, 08:14:12 AM",1
"11/16/2022, 12:29:14 PM",3
"11/16/2022, 12:29:34 PM",2
"11/16/2022, 12:41:54 PM",3
"11/16/2022, 12:42:33 PM",1
"11/16/2022, 05:25:14 PM",3
"11/16/2022, 05:25:37 PM",2
"11/16/2022, 05:37:58 PM",3
"11/16/2022, 05:38:41 PM",1
"11/16/2022, 05:54:11 PM",3
"11/16/2022, 05:54:31 PM",2
"11/16/2022, 05:58:51 PM",3
"11/16/2022, 05:59:31 PM",1
"11/16/2022, 09:25:07 PM",3
"11/16/2022, 09:25:27 PM",2
"11/16/2022, 09:36:34 PM",3
"11/16/2022, 09:37:14 PM",1
"11/16/2022, 11:19:35 PM",3
"11/16/2022, 11:19:54 PM",2
"11/16/2022, 11:27:50 PM",3
"11/16/2022, 11:28:32 PM",1
"11/17/2022, 08:48:44 AM",3
"11/17/2022, 08:49:06 AM",2
"11/17/2022, 08:58:57 AM",3
"11/17/2022, 08:59:37 AM",1
"11/17/2022, 11:30:21 AM",3
"11/17/2022, 11:30:41 AM",2
"11/17/2022, 11:38:23 AM",3
"11/17/2022, 11:39:02 AM",1
"11/17/2022, 03:14:59 PM",3
"11/17/2022, 03:15:22 PM",2
"11/17/2022, 03:30:00 PM",3
"11/17/2022, 03:30:40 PM",1
"11/17/2022, 05:31:04 PM",3
"11/17/2022, 05:31:24 PM",2
"11/17/2022, 05:39:51 PM",3
"11/17/2022, 05:40:32 PM",1
"11/17/2022, 09:27:11 PM",4
"11/17/2022, 09:27:13 PM",3
"11/17/2022, 09:27:33 PM",2
"11/17/2022, 09:39:56 PM",3
"11/17/2022, 09:40:33 PM",1
"11/17/2022, 10:25:27 PM",3
"11/17/2022, 10:25:49 PM",2
"11/17/2022, 10:26:46 PM",3
"11/17/2022, 10:27:27 PM",1
"11/18/2022, 07:59:30 AM",3
"11/18/2022, 07:59:52 AM",2
"11/18/2022, 08:11:57 AM",3
"11/18/2022, 08:12:37 AM",1
"11/18/2022, 10:20:43 AM",3
"11/18/2022, 10:21:05 AM",2
"11/18/2022, 10:24:01 AM",3
"11/18/2022, 10:24:36 AM",1
"11/18/2022, 02:20:52 PM",3
"11/18/2022, 02:21:13 PM",2
"11/18/2022, 02:26:29 PM",3
"11/18/2022, 02:27:03 PM",1
"11/18/2022, 04:25:39 PM",3
"11/18/2022, 04:25:59 PM",2
"11/18/2022, 04:41:22 PM",3
"11/18/2022, 04:42:02 PM",1
"11/18/2022, 09:14:08 PM",3
"11/18/2022, 09:14:29 PM",2
"11/18/2022, 09:27:49 PM",3
"11/18/2022, 09:28:23 PM",1
"11/19/2022, 09:04:43 AM",3
"11/19/2022, 09:04:58 AM",2
"11/19/2022, 10:35:52 AM",3
"11/19/2022, 10:36:34 AM",1
"11/19/2022, 03:35:25 PM",4
"11/19/2022, 03:35:27 PM",3
"11/19/2022, 03:35:48 PM",2
"11/19/2022, 03:39:13 PM",3
"11/19/2022, 03:39:49 PM",1
"11/19/2022, 09:39:17 PM",3
"11/19/2022, 09:39:39 PM",2
"11/19/2022, 10:06:45 PM",3
"11/19/2022, 10:07:27 PM",1
"11/19/2022, 10:10:06 PM",3
"11/19/2022, 10:10:27 PM",2
"11/19/2022, 10:11:35 PM",4
"11/19/2022, 10:11:38 PM",3
"11/19/2022, 10:12:21 PM",1
"11/19/2022, 10:54:37 PM",3
"11/19/2022, 10:54:56 PM",2
"11/19/2022, 10:56:10 PM",3
"11/19/2022, 10:56:53 PM",1
"11/20/2022, 07:52:13 AM",3
"11/20/2022, 07:52:34 AM",2
"11/20/2022, 08:16:42 AM",3
"11/20/2022, 08:17:26 AM",1
"11/20/2022, 08:59:16 AM",3
"11/20/2022, 08:59:38 AM",2
"11/20/2022, 09:44:11 AM",3
"11/20/2022, 09:44:54 AM",1
"11/20/2022, 09:52:48 AM",3
"11/20/2022, 09:53:08 AM",2
"11/20/2022, 10:13:57 AM",3
"11/20/2022, 10:14:38 AM",1
"11/20/2022, 11:42:25 AM",3
"11/20/2022, 11:42:46 AM",2
"11/20/2022, 11:54:41 AM",3
"11/20/2022, 11:55:24 AM",1
"11/20/2022, 12:25:24 PM",3
"11/20/2022, 12:25:44 PM",2
"11/20/2022, 12:27:57 PM",3
"11/20/2022, 12:28:38 PM",1
"11/20/2022, 02:04:30 PM",4
"11/20/2022, 02:04:33 PM",3
"11/20/2022, 02:04:52 PM",2
"11/20/2022, 02:10:30 PM",3
"11/20/2022, 02:11:11 PM",1
"11/20/2022, 02:19:30 PM",3
"11/20/2022, 02:19:49 PM",2
"11/20/2022, 02:22:00 PM",3
"11/20/2022, 02:22:39 PM",1
"11/20/2022, 03:54:58 PM",3
"11/20/2022, 03:55:19 PM",2
"11/20/2022, 03:59:06 PM",3
"11/20/2022, 03:59:47 PM",1
"11/20/2022, 04:09:07 PM",3
"11/20/2022, 04:09:26 PM",2
"11/20/2022, 04:10:31 PM",3
"11/20/2022, 04:11:12 PM",1
"11/20/2022, 04:36:09 PM",3
"11/20/2022, 04:36:29 PM",2
"11/20/2022, 04:44:06 PM",3
"11/20/2022, 04:44:48 PM",1
"11/20/2022, 09:38:23 PM",3
"11/20/2022, 09:38:45 PM",2
"11/20/2022, 09:58:08 PM",3
"11/20/2022, 09:58:50 PM",1
"11/20/2022, 09:59:13 PM",3
"11/20/2022, 09:59:34 PM",2
"11/20/2022, 10:05:11 PM",3
"11/20/2022, 10:05:45 PM",1
"11/21/2022, 08:22:12 AM",3
"11/21/2022, 08:22:34 AM",2
"11/21/2022, 09:17:43 AM",3
"11/21/2022, 09:18:26 AM",1
"11/21/2022, 09:19:28 AM",3
"11/21/2022, 09:19:48 AM",2
"11/21/2022, 09:20:54 AM",3
"11/21/2022, 09:21:36 AM",1
"11/21/2022, 04:35:08 PM",3
"11/21/2022, 04:35:30 PM",2
"11/21/2022, 04:37:45 PM",3
"11/21/2022, 04:38:25 PM",1
"11/21/2022, 05:55:09 PM",3
"11/21/2022, 05:55:30 PM",2
"11/21/2022, 06:16:34 PM",3
"11/21/2022, 06:17:13 PM",1
"11/21/2022, 09:40:59 PM",3
"11/21/2022, 09:41:21 PM",2
"11/21/2022, 09:46:36 PM",3
"11/21/2022, 09:47:13 PM",1
"11/21/2022, 09:48:32 PM",3
"11/21/2022, 09:48:52 PM",2
"11/21/2022, 09:50:17 PM",3
"11/21/2022, 09:50:59 PM",1
"11/22/2022, 04:16:56 AM",3
"11/22/2022, 04:17:18 AM",2
"11/22/2022, 04:24:18 AM",3
"11/22/2022, 04:24:52 AM",1
"11/22/2022, 09:29:04 AM",3
"11/22/2022, 09:29:26 AM",2
"11/22/2022, 11:54:18 AM",3
"11/22/2022, 11:55:01 AM",1
"11/22/2022, 01:45:25 PM",3
"11/22/2022, 01:45:46 PM",2
"11/22/2022, 01:48:32 PM",4
"11/22/2022, 01:48:34 PM",3
"11/22/2022, 01:49:14 PM",1
"11/22/2022, 02:16:16 PM",3
"11/22/2022, 02:16:37 PM",2
"11/22/2022, 02:23:55 PM",3
"11/22/2022, 02:24:31 PM",1
"11/22/2022, 03:02:33 PM",4
"11/22/2022, 03:02:35 PM",3
"11/22/2022, 03:02:55 PM",2
"11/22/2022, 03:05:43 PM",3
"11/22/2022, 03:06:22 PM",1
"11/22/2022, 03:42:05 PM",3
"11/22/2022, 03:42:25 PM",2
"11/22/2022, 03:43:55 PM",3
"11/22/2022, 03:44:36 PM",1
"11/22/2022, 03:54:40 PM",3
"11/22/2022, 03:55:00 PM",2
"11/22/2022, 03:57:41 PM",3
"11/22/2022, 03:58:21 PM",1
"11/22/2022, 04:26:13 PM",3
"11/22/2022, 04:26:33 PM",2
"11/22/2022, 04:30:01 PM",3
"11/22/2022, 04:30:39 PM",1
"11/22/2022, 06:24:42 PM",3
"11/22/2022, 06:25:02 PM",2
"11/22/2022, 06:40:56 PM",3
"11/22/2022, 06:41:38 PM",1
"11/22/2022, 07:17:45 PM",3
"11/22/2022, 07:18:04 PM",2
"11/22/2022, 07:25:21 PM",3
"11/22/2022, 07:26:00 PM",1
"11/22/2022, 10:15:52 PM",3
"11/22/2022, 10:16:14 PM",2
"11/22/2022, 10:17:32 PM",3
"11/22/2022, 10:18:12 PM",1
"11/23/2022, 12:07:56 AM",3
"11/23/2022, 12:08:15 AM",2
"11/23/2022, 12:22:29 AM",3
"11/23/2022, 12:23:08 AM",1
"11/23/2022, 08:30:50 AM",3
"11/23/2022, 08:31:10 AM",2
"11/24/2022, 10:59:52 AM",3
"11/24/2022, 11:00:33 AM",1
"11/24/2022, 09:31:11 PM",3
"11/24/2022, 09:31:31 PM",2
"11/24/2022, 09:55:54 PM",3
"11/24/2022, 09:56:36 PM",1
"11/25/2022, 10:52:09 AM",3
"11/25/2022, 10:52:30 AM",2
"11/25/2022, 11:05:32 AM",3
"11/25/2022, 11:06:15 AM",1
"11/25/2022, 11:26:10 AM",3
"11/25/2022, 11:26:30 AM",2
"11/25/2022, 11:38:47 AM",3
"11/25/2022, 11:39:29 AM",1
"11/25/2022, 12:11:13 PM",3
"11/25/2022, 12:11:33 PM",2
"11/25/2022, 12:21:35 PM",3
"11/25/2022, 12:22:15 PM",1
"11/25/2022, 05:24:32 PM",3
"11/25/2022, 05:24:53 PM",2
"11/25/2022, 06:00:00 PM",3
"11/25/2022, 06:00:42 PM",1
"11/25/2022, 09:10:46 PM",3
"11/25/2022, 09:11:08 PM",2
"11/25/2022, 09:25:56 PM",3
"11/25/2022, 09:26:36 PM",1
"11/25/2022, 10:12:51 PM",3
"11/25/2022, 10:13:13 PM",2
"11/25/2022, 10:18:37 PM",3
"11/25/2022, 10:19:16 PM",1
"11/25/2022, 10:44:45 PM",3
"11/25/2022, 10:45:05 PM",2
"11/25/2022, 10:55:12 PM",3
"11/25/2022, 10:55:55 PM",1
"11/25/2022, 11:46:54 PM",3
"11/25/2022, 11:47:14 PM",2
"11/25/2022, 11:57:33 PM",3
"11/25/2022, 11:58:13 PM",1
"11/26/2022, 01:57:10 PM",3
"11/26/2022, 01:57:31 PM",2
"11/26/2022, 02:04:53 PM",3
"11/26/2022, 02:05:35 PM",1
"11/26/2022, 05:11:40 PM",3
"11/26/2022, 05:12:01 PM",2
"11/26/2022, 05:24:59 PM",3
"11/26/2022, 05:25:34 PM",1
"11/26/2022, 07:44:13 PM",3
"11/26/2022, 07:44:35 PM",2
"11/26/2022, 08:15:17 PM",3
"11/26/2022, 08:15:55 PM",1
"11/26/2022, 09:01:13 PM",3
"11/26/2022, 09:01:34 PM",2
"11/26/2022, 09:21:21 PM",3
"11/26/2022, 09:22:02 PM",1
"11/27/2022, 01:28:43 PM",3
"11/27/2022, 01:29:04 PM",2
"11/27/2022, 01:35:36 PM",3
"11/27/2022, 01:36:17 PM",1
"11/27/2022, 04:03:54 PM",3
"11/27/2022, 04:04:14 PM",2
"11/27/2022, 04:09:49 PM",3
"11/27/2022, 04:10:27 PM",1
"11/27/2022, 05:06:55 PM",3
"11/27/2022, 05:07:15 PM",2
"11/27/2022, 05:24:48 PM",3
"11/27/2022, 05:25:30 PM",1
"11/27/2022, 09:41:49 PM",3
"11/27/2022, 09:42:09 PM",2
"11/27/2022, 09:50:15 PM",3
"11/27/2022, 09:50:48 PM",1
"11/28/2022, 09:05:55 AM",3
"11/28/2022, 09:06:17 AM",2
"11/28/2022, 11:22:58 AM",3
"11/28/2022, 11:23:41 AM",1
"11/28/2022, 01:32:56 PM",3
"11/28/2022, 01:33:15 PM",2
"11/28/2022, 01:36:11 PM",3
"11/28/2022, 01:36:53 PM",1
"11/28/2022, 02:30:22 PM",3
"11/28/2022, 02:30:42 PM",2
"11/28/2022, 03:03:54 PM",4
"11/28/2022, 03:03:56 PM",3
"11/28/2022, 03:04:34 PM",1
"11/28/2022, 09:53:44 PM",3
"11/28/2022, 09:54:06 PM",2
"11/28/2022, 10:19:17 PM",3
"11/28/2022, 10:19:57 PM",1
"11/29/2022, 01:29:35 AM",3
"11/29/2022, 01:29:55 AM",2
"11/29/2022, 02:01:33 AM",3
"11/29/2022, 02:02:14 AM",1
"11/29/2022, 10:32:02 AM",3
"11/29/2022, 10:32:21 AM",2
"11/29/2022, 10:51:14 AM",3
"11/29/2022, 10:51:58 AM",1
"11/29/2022, 02:00:45 PM",3
"11/29/2022, 02:01:05 PM",2
"11/29/2022, 02:16:45 PM",3
"11/29/2022, 02:17:25 PM",1
"11/29/2022, 03:48:37 PM",3
"11/29/2022, 03:48:57 PM",2
"11/29/2022, 04:06:58 PM",3
"11/29/2022, 04:07:38 PM",1
"11/29/2022, 10:18:31 PM",3
"11/29/2022, 10:18:52 PM",2
"11/29/2022, 10:42:36 PM",3
"11/29/2022, 10:43:16 PM",1
"11/30/2022, 09:04:17 AM",3
"11/30/2022, 09:04:39 AM",2
"11/30/2022, 09:15:45 AM",3
"11/30/2022, 09:16:27 AM",1
"11/30/2022, 11:40:02 AM",3
"11/30/2022, 11:40:24 AM",2
"11/30/2022, 12:24:54 PM",3
"11/30/2022, 12:25:34 PM",1
"11/30/2022, 12:29:10 PM",3
"11/30/2022, 12:29:30 PM",2
"11/30/2022, 12:40:43 PM",3
"11/30/2022, 12:41:24 PM",1
"11/30/2022, 03:22:05 PM",3
"11/30/2022, 03:22:26 PM",2
"11/30/2022, 03:52:24 PM",3
"11/30/2022, 03:53:04 PM",1
"11/30/2022, 05:23:46 PM",3
"11/30/2022, 05:24:08 PM",2
"11/30/2022, 05:43:34 PM",3
"11/30/2022, 05:44:11 PM",1
"12/01/2022, 09:19:13 AM",3
"12/01/2022, 09:19:35 AM",2
"12/01/2022, 10:26:20 AM",3
"12/01/2022, 10:27:01 AM",1
"12/01/2022, 11:18:07 AM",3
"12/01/2022, 11:18:27 AM",2
"12/01/2022, 11:20:03 AM",3
"12/01/2022, 11:20:44 AM",1
"12/01/2022, 01:30:34 PM",3
"12/01/2022, 01:30:54 PM",2
"12/01/2022, 01:33:15 PM",3
"12/01/2022, 01:33:51 PM",1
"12/01/2022, 03:47:02 PM",3
"12/01/2022, 03:47:23 PM",2
"12/01/2022, 04:22:13 PM",3
"12/01/2022, 04:22:52 PM",1
"12/02/2022, 11:47:23 AM",3
"12/02/2022, 11:47:44 AM",2
"12/02/2022, 12:03:45 PM",3
"12/02/2022, 12:04:29 PM",1
"12/02/2022, 01:13:52 PM",3
"12/02/2022, 01:14:13 PM",2
"12/02/2022, 01:19:28 PM",3
"12/02/2022, 01:20:07 PM",1
"12/03/2022, 01:58:01 AM",3
"12/03/2022, 01:58:25 AM",2
"12/03/2022, 02:03:30 AM",3
"12/03/2022, 02:04:11 AM",1
"12/03/2022, 03:15:01 AM",3
"12/03/2022, 03:15:21 AM",2
"12/03/2022, 03:21:26 AM",3
"12/03/2022, 03:22:11 AM",1
"12/03/2022, 04:19:58 PM",3
"12/03/2022, 04:20:18 PM",2
"12/03/2022, 04:42:43 PM",3
"12/03/2022, 04:43:22 PM",1
"12/03/2022, 06:16:05 PM",3
"12/03/2022, 06:16:25 PM",2
"12/03/2022, 06:29:26 PM",3
"12/03/2022, 06:30:04 PM",1
"12/03/2022, 11:04:16 PM",3
"12/03/2022, 11:04:37 PM",2
"12/03/2022, 11:14:49 PM",3
"12/03/2022, 11:15:30 PM",1
"12/04/2022, 09:39:11 AM",3
"12/04/2022, 09:39:30 AM",2
"12/04/2022, 10:56:37 AM",3
"12/04/2022, 10:57:18 AM",1
"12/04/2022, 11:55:40 AM",3
"12/04/2022, 11:56:00 AM",2
"12/04/2022, 11:57:09 AM",3
"12/04/2022, 11:57:50 AM",1
"12/04/2022, 09:10:08 PM",3
"12/04/2022, 09:10:27 PM",2
"12/04/2022, 09:45:58 PM",3
"12/04/2022, 09:46:33 PM",1
"12/04/2022, 10:11:36 PM",3
"12/04/2022, 10:11:57 PM",2
"12/04/2022, 10:15:53 PM",3
"12/04/2022, 10:16:35 PM",1
"12/04/2022, 11:05:47 PM",3
"12/04/2022, 11:06:02 PM",2
"12/04/2022, 11:10:00 PM",3
"12/04/2022, 11:10:42 PM",1
"12/04/2022, 11:36:10 PM",3
"12/04/2022, 11:36:32 PM",2
"12/04/2022, 11:42:39 PM",3
"12/04/2022, 11:43:21 PM",1
"12/05/2022, 12:31:56 AM",3
"12/05/2022, 12:32:16 AM",2
"12/05/2022, 12:40:39 AM",3
"12/05/2022, 12:41:22 AM",1
"12/05/2022, 12:58:55 AM",3
"12/05/2022, 12:59:16 AM",2
"12/05/2022, 01:07:10 AM",3
"12/05/2022, 01:07:51 AM",1
"12/05/2022, 01:20:47 AM",3
"12/05/2022, 01:21:07 AM",2
"12/05/2022, 01:22:02 AM",3
"12/05/2022, 01:22:44 AM",1
"12/05/2022, 12:34:52 PM",3
"12/05/2022, 12:35:21 PM",2
"12/05/2022, 12:50:27 PM",3
"12/05/2022, 12:51:08 PM",1
"12/05/2022, 01:01:38 PM",3
"12/05/2022, 01:01:58 PM",2
"12/05/2022, 01:04:38 PM",3
"12/05/2022, 01:05:20 PM",1
"12/05/2022, 04:19:40 PM",3
"12/05/2022, 04:20:02 PM",2
"12/05/2022, 05:40:56 PM",3
"12/05/2022, 05:41:36 PM",1
"12/05/2022, 06:52:04 PM",3
"12/05/2022, 06:52:24 PM",2
"12/05/2022, 06:55:18 PM",3
"12/05/2022, 06:56:00 PM",1
"12/05/2022, 07:18:26 PM",3
"12/05/2022, 07:18:45 PM",2
"12/05/2022, 07:36:46 PM",3
"12/05/2022, 07:37:20 PM",1
"12/06/2022, 08:39:32 AM",3
"12/06/2022, 08:39:54 AM",2
"12/06/2022, 08:47:51 AM",3
"12/06/2022, 08:48:32 AM",1
"12/06/2022, 08:59:28 AM",4
"12/06/2022, 08:59:30 AM",3
"12/06/2022, 08:59:49 AM",2
"12/06/2022, 09:03:46 AM",3
"12/06/2022, 09:04:27 AM",1
"12/06/2022, 09:23:37 AM",3
"12/06/2022, 09:23:58 AM",2
"12/06/2022, 09:25:34 AM",3
"12/06/2022, 09:26:13 AM",1
"12/06/2022, 11:34:30 AM",3
"12/06/2022, 11:34:50 AM",2
"12/06/2022, 11:41:22 AM",3
"12/06/2022, 11:42:03 AM",1
"12/06/2022, 05:28:32 PM",3
"12/06/2022, 05:28:53 PM",2
"12/06/2022, 05:30:02 PM",3
"12/06/2022, 05:30:41 PM",1
"12/06/2022, 05:37:19 PM",3
"12/06/2022, 05:37:37 PM",2
"12/06/2022, 05:40:00 PM",3
"12/06/2022, 05:40:40 PM",1
"12/06/2022, 05:53:14 PM",3
"12/06/2022, 05:53:35 PM",2
"12/06/2022, 05:55:32 PM",3
"12/06/2022, 05:56:15 PM",1
"12/06/2022, 06:33:02 PM",3
"12/06/2022, 06:33:24 PM",2
"12/06/2022, 07:16:56 PM",3
"12/06/2022, 07:17:35 PM",1
"12/07/2022, 09:45:56 AM",3
"12/07/2022, 09:46:18 AM",2
"12/07/2022, 12:24:36 PM",3
"12/07/2022, 12:25:19 PM",1
"12/07/2022, 12:26:04 PM",3
"12/07/2022, 12:26:25 PM",2
"12/07/2022, 12:28:47 PM",3
"12/07/2022, 12:29:29 PM",1
"12/07/2022, 12:43:05 PM",3
"12/07/2022, 12:43:25 PM",2
"12/07/2022, 12:44:30 PM",3
"12/07/2022, 12:45:10 PM",1
"12/07/2022, 10:47:57 PM",3
"12/07/2022, 10:48:18 PM",2
"12/07/2022, 11:40:21 PM",3
"12/07/2022, 11:40:59 PM",1
"12/08/2022, 09:37:04 AM",3
"12/08/2022, 09:37:25 AM",2
"12/08/2022, 11:12:03 AM",3
"12/08/2022, 11:12:44 AM",1
"12/08/2022, 11:17:40 AM",3
"12/08/2022, 11:18:02 AM",2
"12/08/2022, 11:19:02 AM",3
"12/08/2022, 11:19:43 AM",1
"12/08/2022, 11:46:23 AM",3
"12/08/2022, 11:46:45 AM",2
"12/08/2022, 11:48:05 AM",3
"12/08/2022, 11:48:46 AM",1
"12/08/2022, 02:37:04 PM",3
"12/08/2022, 02:37:23 PM",2
"12/08/2022, 03:04:55 PM",3
"12/08/2022, 03:05:31 PM",1
"12/08/2022, 03:17:37 PM",3
"12/08/2022, 03:17:59 PM",2
"12/08/2022, 03:19:21 PM",3
"12/08/2022, 03:19:59 PM",1
"12/08/2022, 04:11:00 PM",3
"12/08/2022, 04:11:22 PM",2
"12/08/2022, 04:12:07 PM",3
"12/08/2022, 04:12:46 PM",1
"12/08/2022, 06:40:40 PM",3
"12/08/2022, 06:40:59 PM",2
"12/08/2022, 07:06:56 PM",3
"12/08/2022, 07:07:33 PM",1
"12/08/2022, 10:27:24 PM",3
"12/08/2022, 10:27:45 PM",2
"12/08/2022, 10:43:36 PM",3
"12/08/2022, 10:44:19 PM",1
"12/09/2022, 02:32:53 AM",3
"12/09/2022, 02:33:13 AM",2
"12/09/2022, 03:06:27 AM",3
"12/09/2022, 03:07:02 AM",1
"12/09/2022, 06:23:05 AM",3
"12/09/2022, 06:23:27 AM",2
"12/09/2022, 06:40:04 AM",3
"12/09/2022, 06:40:41 AM",1
"12/09/2022, 10:05:41 AM",3
"12/09/2022, 10:06:04 AM",2
"12/09/2022, 10:21:12 AM",3
"12/09/2022, 10:21:41 AM",1
"12/09/2022, 01:53:36 PM",3
"12/09/2022, 01:54:08 PM",2
"12/09/2022, 02:09:00 PM",3
"12/09/2022, 02:09:42 PM",1
"12/09/2022, 05:10:39 PM",4
"12/09/2022, 05:10:41 PM",3
"12/09/2022, 05:11:07 PM",2
"12/09/2022, 05:44:30 PM",3
"12/09/2022, 05:45:11 PM",1
"12/09/2022, 08:51:11 PM",3
"12/09/2022, 08:51:28 PM",2
"12/09/2022, 09:11:31 PM",3
"12/09/2022, 09:12:11 PM",1
"12/09/2022, 11:58:07 PM",3
"12/09/2022, 11:58:25 PM",2
"12/10/2022, 12:49:33 AM",3
"12/10/2022, 12:50:10 AM",1
"12/10/2022, 03:48:07 AM",3
"12/10/2022, 03:48:28 AM",2
"12/10/2022, 04:03:11 AM",3
"12/10/2022, 04:03:54 AM",1
"12/10/2022, 08:34:35 AM",3
"12/10/2022, 08:34:57 AM",2
"12/10/2022, 12:36:15 PM",3
"12/10/2022, 12:36:57 PM",1
"12/10/2022, 12:54:18 PM",3
"12/10/2022, 12:54:39 PM",2
"12/10/2022, 01:12:04 PM",3
"12/10/2022, 01:12:44 PM",1
"12/10/2022, 01:24:43 PM",3
"12/10/2022, 01:25:03 PM",2
"12/10/2022, 01:37:45 PM",3
"12/10/2022, 01:38:27 PM",1
"12/10/2022, 01:48:22 PM",3
"12/10/2022, 01:48:42 PM",2
"12/10/2022, 03:17:48 PM",3
"12/10/2022, 03:18:21 PM",1
"12/10/2022, 03:31:58 PM",3
"12/10/2022, 03:32:18 PM",2
"12/10/2022, 04:36:36 PM",3
"12/10/2022, 04:37:17 PM",1
"12/10/2022, 04:42:33 PM",3
"12/10/2022, 04:42:54 PM",2
"12/10/2022, 04:43:34 PM",3
"12/10/2022, 04:44:14 PM",1
"12/10/2022, 05:04:42 PM",3
"12/10/2022, 05:05:02 PM",2
"12/10/2022, 05:18:43 PM",3
"12/10/2022, 05:19:23 PM",1
"12/10/2022, 05:37:25 PM",3
"12/10/2022, 05:37:45 PM",2
"12/10/2022, 06:01:36 PM",3
"12/10/2022, 06:02:14 PM",1
"12/10/2022, 06:09:14 PM",3
"12/10/2022, 06:09:34 PM",2
"12/10/2022, 06:11:59 PM",3
"12/10/2022, 06:12:41 PM",1
"12/10/2022, 06:16:54 PM",3
"12/10/2022, 06:17:15 PM",2
"12/10/2022, 06:46:13 PM",3
"12/10/2022, 06:46:53 PM",1
"12/10/2022, 06:50:27 PM",4
"12/10/2022, 06:50:29 PM",3
"12/10/2022, 06:50:47 PM",2
"12/10/2022, 06:52:28 PM",3
"12/10/2022, 06:53:07 PM",1
"12/10/2022, 07:56:48 PM",3
"12/10/2022, 07:57:08 PM",2
"12/10/2022, 08:45:46 PM",3
"12/10/2022, 08:46:26 PM",1
"12/10/2022, 09:23:15 PM",3
"12/10/2022, 09:23:34 PM",2
"12/10/2022, 11:18:42 PM",3
"12/10/2022, 11:19:25 PM",1
"12/10/2022, 11:23:38 PM",3
"12/10/2022, 11:23:59 PM",2
"12/10/2022, 11:24:30 PM",3
"12/10/2022, 11:25:13 PM",1
"12/11/2022, 12:25:57 AM",3
"12/11/2022, 12:26:19 AM",2
"12/11/2022, 12:57:17 AM",3
"12/11/2022, 12:57:54 AM",1
"12/11/2022, 03:22:56 AM",3
"12/11/2022, 03:23:17 AM",2
"12/11/2022, 03:23:57 AM",3
"12/11/2022, 03:24:39 AM",1
"12/11/2022, 04:22:38 AM",3
"12/11/2022, 04:22:59 AM",2
"12/11/2022, 04:35:04 AM",3
"12/11/2022, 04:35:39 AM",1
"12/11/2022, 06:22:38 AM",3
"12/11/2022, 06:22:59 AM",2
"12/11/2022, 06:47:12 AM",3
"12/11/2022, 06:47:52 AM",1
"12/11/2022, 07:47:49 AM",3
"12/11/2022, 07:48:11 AM",2
"12/11/2022, 08:12:27 AM",3
"12/11/2022, 08:13:06 AM",1
"12/11/2022, 09:33:09 AM",3
"12/11/2022, 09:33:31 AM",2
"12/11/2022, 09:37:41 AM",3
"12/11/2022, 09:38:21 AM",1
"12/11/2022, 11:03:19 AM",3
"12/11/2022, 11:03:43 AM",2
"12/11/2022, 11:08:24 AM",3
"12/11/2022, 11:09:04 AM",1
"12/11/2022, 12:05:19 PM",3
"12/11/2022, 12:05:37 PM",2
"12/11/2022, 12:20:16 PM",3
"12/11/2022, 12:20:57 PM",1
"12/11/2022, 12:25:48 PM",3
"12/11/2022, 12:26:08 PM",2
"12/11/2022, 12:31:58 PM",3
"12/11/2022, 12:32:39 PM",1
"12/11/2022, 12:42:57 PM",3
"12/11/2022, 12:43:17 PM",2
"12/11/2022, 12:51:23 PM",3
"12/11/2022, 12:51:59 PM",1
"12/11/2022, 01:56:42 PM",3
"12/11/2022, 01:57:01 PM",2
"12/11/2022, 04:33:27 PM",3
"12/11/2022, 04:34:06 PM",1
"12/11/2022, 04:39:47 PM",3
"12/11/2022, 04:40:07 PM",2
"12/11/2022, 04:52:19 PM",3
"12/11/2022, 04:52:58 PM",1
"12/11/2022, 06:33:44 PM",3
"12/11/2022, 06:34:06 PM",2
"12/11/2022, 07:02:11 PM",3
"12/11/2022, 07:02:52 PM",1
"12/11/2022, 08:20:52 PM",3
"12/11/2022, 08:21:13 PM",2
"12/11/2022, 08:42:00 PM",3
"12/11/2022, 08:42:41 PM",1
"12/11/2022, 10:07:10 PM",3
"12/11/2022, 10:07:34 PM",2
"12/11/2022, 10:26:36 PM",3
"12/11/2022, 10:27:17 PM",1
"12/11/2022, 11:05:03 PM",3
"12/11/2022, 11:05:23 PM",2
"12/11/2022, 11:17:19 PM",3
"12/11/2022, 11:17:58 PM",1
"12/12/2022, 08:30:44 AM",3
"12/12/2022, 08:31:06 AM",2
"12/12/2022, 09:59:56 AM",3
"12/12/2022, 10:00:36 AM",1
"12/12/2022, 10:08:51 AM",3
"12/12/2022, 10:09:12 AM",2
"12/13/2022, 09:40:13 AM",3
"12/13/2022, 09:40:47 AM",1
"12/13/2022, 01:14:19 PM",3
"12/13/2022, 01:14:41 PM",2
"12/13/2022, 04:31:32 PM",3
"12/13/2022, 04:32:12 PM",1
"12/13/2022, 08:47:51 PM",3
"12/13/2022, 08:48:11 PM",2
"12/13/2022, 09:35:26 PM",3
"12/13/2022, 09:36:07 PM",1
"12/13/2022, 11:12:05 PM",3
"12/13/2022, 11:12:24 PM",2
"12/13/2022, 11:25:16 PM",3
"12/13/2022, 11:25:53 PM",1
"12/14/2022, 01:09:34 PM",3
"12/14/2022, 01:09:56 PM",2
"12/14/2022, 01:20:53 PM",3
"12/14/2022, 01:21:33 PM",1
"12/14/2022, 05:23:10 PM",3
"12/14/2022, 05:23:29 PM",2
"12/14/2022, 05:36:49 PM",3
"12/14/2022, 05:37:29 PM",1
"12/15/2022, 08:21:49 AM",1
"12/15/2022, 03:40:14 PM",3
"12/15/2022, 03:40:36 PM",2
"12/15/2022, 03:46:51 PM",3
"12/15/2022, 03:47:31 PM",1
"12/15/2022, 06:57:28 PM",3
"12/15/2022, 06:57:50 PM",2
"12/15/2022, 07:04:21 PM",3
"12/15/2022, 07:04:58 PM",1
"12/16/2022, 05:39:00 AM",3
"12/16/2022, 05:39:19 AM",2
"12/16/2022, 05:46:36 AM",4
"12/16/2022, 05:46:38 AM",3
"12/16/2022, 05:47:15 AM",1
"12/16/2022, 09:28:11 AM",3
"12/16/2022, 09:28:32 AM",2

